trans_date_trans_time,cc_num,merchant,category,amt,first,last,gender,street,city,state,zip,lat,long,city_pop,job,dob,trans_num,unix_time,merch_lat,merch_long,is_fraud
2020-04-13 23:03:30,374125201044065,"fraud_Koss, Hansen and Lueilwitz",home,111.03,Christopher,Gilbert,M,20937 Reed Lakes Apt. 271,Washington,DC,20012,38.9757,-77.0282,601723,"Optician, dispensing",1970-07-20,61ba68ba28fceaa6200724817bf28788,1365894210,39.630349,-77.21555699999999,0
2020-01-26 07:01:41,30407675418785,"fraud_Herman, Treutel and Dickens",misc_net,1.35,Danielle,Evans,F,76752 David Lodge Apt. 064,Breesport,NY,14816,42.1939,-76.7361,520,Psychotherapist,1991-10-13,83e3c7847cdbda335fcbabe9ca1ba5ec,1359183701,41.445647,-76.079927,0
2020-03-24 10:09:23,6538441737335434,fraud_Bradtke PLC,grocery_pos,69.4,Gina,Grimes,F,444 Robert Mews,Clarks Mills,PA,16114,41.3851,-80.1752,606,Energy manager,1997-09-22,6fd089dc357e853c32972525f2ef956a,1364119763,41.371143,-81.09619,0
2020-01-01 22:36:51,4396682467723,"fraud_Langworth, Boehm and Gulgowski",shopping_net,834.49,Scott,Cole,M,646 Louis Fort Apt. 665,North Las Vegas,NV,89084,36.2815,-115.1482,214518,Catering manager,1960-01-16,09eaa5ad09ca0c4836ec2596095ad9cc,1357079811,36.688314,-114.686106,1
2020-01-11 19:46:32,4610064888664703,"fraud_Gottlieb, Considine and Schultz",shopping_net,72.89,Tammy,Maldonado,F,3312 Rachel Parks Suite 474,Stittville,NY,13469,43.2229,-75.2899,847,Systems analyst,1996-01-11,816b461dd229666f83e85a260ae11e04,1357933592,43.100339,-75.582502,0
2020-05-22 20:48:35,4481131401752,fraud_Gaylord-Powlowski,home,16.49,Frank,Foster,M,37910 Ward Lights,Shrewsbury,MA,1545,42.2848,-71.7205,35299,English as a second language teacher,1975-04-30,941d871e90ddca9f4bd3e8cabf685624,1369255715,42.584215,-71.88485899999999,0
2020-06-05 18:15:15,4745996322265,fraud_Quitzon-Goyette,home,1.23,Carrie,Washington,F,6114 Adams Harbor Suite 096,Kingsford Heights,IN,46346,41.4802,-86.6919,1423,"Psychologist, forensic",1998-10-07,fa6dd8c2c9758a604d938f5c057935d5,1370456115,42.014108,-86.964585,0
2020-06-06 16:55:06,2712209726293386,fraud_Turner and Sons,shopping_pos,168.13,Jenna,Brooks,F,50872 Alex Plain Suite 088,Baton Rouge,LA,70808,30.4066,-91.1468,378909,"Designer, furniture",1977-02-22,22f1bdffa77def669e721aecae166073,1370537706,30.950204,-91.49616,0
2020-02-12 01:09:09,4997733566924489,fraud_Kozey-Boehm,shopping_net,942.21,Stephanie,Taylor,F,598 Martin Pine Suite 365,Saint Paul,MN,55128,44.9913,-92.9487,753116,Fisheries officer,1971-08-06,d15a6dac3a1019be4b459a18bb2a7b76,1360631349,44.595189000000005,-92.609056,1
2020-02-24 17:54:56,30428204673351,fraud_Berge-Ullrich,home,66.25,Greg,Villarreal,M,2851 Foster Shoals,Schaefferstown,PA,17088,40.3087,-76.2963,823,Gaffer,1982-07-02,69fac6e1849756f9067b5f80e116e5ba,1361728496,40.56061,-76.32889399999999,0
2019-12-29 22:45:05,4312133045694601139,"fraud_Okuneva, Schneider and Rau",shopping_pos,6.31,Julian,Price,M,086 Pierce Cove,Pikesville,MD,21208,39.3764,-76.729,33917,Company secretary,1977-06-12,721ca44dfda14dd0ecce645cc1092223,1356821105,40.280291,-77.05633,0
2020-05-28 17:52:59,4277232699798846,"fraud_Turner, Ziemann and Lehner",food_dining,89.69,Jennifer,Vance,F,13299 Patrick Terrace,Rhame,ND,58651,46.1664,-103.7079,475,Illustrator,1955-11-10,ae340d13f05b9a2f20785acbc8b5cc8b,1369763579,46.985355,-104.385772,0
2020-02-07 01:53:47,30518196150127,"fraud_Stokes, Christiansen and Sipes",grocery_net,34.6,Karen,Sullivan,F,6313 Scott Trace,Rossville,IL,60963,40.3625,-87.6692,1807,"Buyer, retail",1975-06-02,2aa342911734a8af7085c567185b9de0,1360202027,39.849334000000006,-86.792917,0
2020-05-31 05:46:47,675945690716,fraud_Schmitt Inc,gas_transport,54.19,Ellen,Smith,F,285 George Lake,Beaver Falls,PA,15010,40.7687,-80.3592,28425,Podiatrist,2000-06-09,91c2c380ec0295aa03176cf5d82da9ed,1369979207,40.013493,-79.609735,0
2020-03-27 23:03:54,4514242065619750,"fraud_Lubowitz, Terry and Stracke",personal_care,42.3,Janet,Carpenter,F,9870 Collins Flat,Laramie,WY,82072,41.4247,-105.4781,35371,"Pilot, airline",1988-09-02,3b16e655c6d6ce2722ea0ee42592b82b,1364425434,40.933399,-105.505635,0
2020-01-17 17:32:34,4069975342931683,fraud_Beier and Sons,home,41.52,Kimberly,Martin,F,1943 Dennis Inlet Suite 145,Hurricane,WV,25526,38.4257,-81.9943,21902,Sub,1980-09-18,9f74904db4d40e38e5e12b7cb17efef1,1358443954,37.46063,-81.94673900000001,0
2020-01-11 23:54:02,4939976756738216,fraud_Little Ltd,kids_pets,51.26,Michelle,Johnston,F,3531 Hamilton Highway,Roma,TX,78584,26.4215,-99.0025,18128,IT trainer,1990-11-07,724df9140c2f4da8856e01f1b312c3f2,1357948442,27.024718,-99.540203,0
2020-02-18 11:43:48,3521417320836166,fraud_Ortiz Group,grocery_net,63.39,Angela,Hodges,F,08236 Kim Hill,Indianapolis,IN,46254,39.849,-86.272,910148,Firefighter,1975-11-30,8745badf47c624d68abb3e2944472e4a,1361187828,39.02308,-86.371427,0
2020-03-23 20:17:14,2720012583106919,fraud_Erdman-Ebert,personal_care,70.35,Joseph,Murray,M,42933 Ryan Underpass,Manderson,SD,57756,43.3526,-102.5411,1126,Volunteer coordinator,1980-08-18,2530069ef008de40645b8d9847d2820b,1364069834,42.74817,-101.74921,0
2020-04-26 21:15:08,2269768987945882,"fraud_McDermott, Osinski and Morar",home,26.71,Shannon,Patterson,F,9808 Ellis Bypass,Mount Morris,NY,14510,42.6835,-77.8664,4895,Acupuncturist,1958-10-29,813d9fbc2966ebb9167371470ce755da,1367010908,42.392342,-76.970301,0
2020-04-07 09:41:19,4561368699336875,fraud_Bauch-Raynor,grocery_pos,93.5,Pamela,Lewis,F,653 Jessica Extension Apt. 668,Clifton,SC,29324,34.9906,-81.8327,167,Museum/gallery conservator,1988-11-01,90980809f9d2c5b5f233b7bec41e404f,1365327679,35.746468,-81.89593,0
2020-06-08 16:20:38,30029052116970,fraud_Bechtelar-Rippin,food_dining,12.37,Curtis,Young,M,4319 Watson Shoals Suite 658,Falconer,NY,14733,42.1239,-79.1895,3833,Metallurgist,1970-10-09,1c17c38cbbd2e1ea3784dd3bbd95d096,1370708438,42.513767,-80.087281,0
2020-04-06 07:54:20,30199621383748,fraud_Miller-Harris,misc_net,14.47,Theresa,Powell,F,117 Natasha Vista Suite 936,Leonard,TX,75452,33.4044,-96.2238,4090,Sub,1977-03-23,abb267bd2a67b8baea9f769daa7eac04,1365234860,34.317462,-95.515472,0
2020-03-15 00:39:22,4710826438164847414,"fraud_Reichert, Huels and Hoppe",shopping_net,35.05,Juan,Henry,M,9795 Lori Island Suite 346,Turner,MT,59542,48.8328,-108.3961,192,Further education lecturer,1964-01-04,36be7c3ba299daeaf5a799a669a51259,1363307962,49.267892,-107.981358,0
2020-02-09 21:09:29,676148621961,fraud_Hoppe-Parisian,kids_pets,27.06,Jennifer,Vega,F,91644 Crystal Drives,Eagarville,IL,62023,39.1118,-89.7855,91,Materials engineer,1962-11-18,ed032d97215ec24fc34ce06fea872637,1360444169,39.522008,-90.760785,0
2020-05-21 03:40:58,4841313716651064,fraud_Heller-Langosh,gas_transport,67.97,Omar,Gay,M,2161 Blankenship Freeway,West Hartford,VT,5084,43.7185,-72.4439,140,"Development worker, community",1989-10-28,58f125e23e6fcfe9af26dea918c03f79,1369107658,44.05306,-72.675862,0
2020-05-29 09:52:44,4800395067176717,fraud_Wolf Inc,grocery_pos,148.5,Daniel,Owens,M,88794 Mandy Lodge Apt. 874,Howells,NE,68641,41.6964,-96.9858,1063,Research scientist (maths),1928-04-02,bd3a335d3a1b66b5f1b433df58d7c543,1369821164,42.373453000000005,-97.834842,0
2020-02-12 17:41:20,3513618443244549,fraud_Ruecker-Mayert,kids_pets,303.56,Amber,Perez,F,954 Reyes Ways,Fulton,SD,57340,43.7588,-97.8712,355,Financial adviser,1955-06-26,40cadbcff4d10686006c987922d08a3d,1360690880,43.227744,-97.17825,0
2019-12-30 17:04:37,4874017206859125,fraud_Deckow-Dare,food_dining,88.15,Lauren,Williams,F,065 Jones Stravenue,Lake Oswego,OR,97034,45.4093,-122.6847,42817,Planning and development surveyor,1982-05-28,13855f6f049084fa1ddd67600492a37d,1356887077,46.364382,-123.373631,0
2020-03-31 17:15:12,4079773899158,fraud_Schaefer Ltd,kids_pets,6.84,Eric,Preston,M,7020 Doyle Stream Apt. 951,Mesa,ID,83643,44.6255,-116.4493,129,Cartographer,1965-12-15,086ee193f9c7e716f528f37ffebe6bc4,1364750112,44.959106,-115.494128,0
2020-05-31 10:25:58,571465035400,fraud_Morissette PLC,shopping_pos,165.02,Louis,Fisher,M,45654 Hess Rest,Fort Washakie,WY,82514,43.0048,-108.8964,1645,Freight forwarder,1976-02-26,30891baf90371d245cac1aee2d98deb3,1369995958,43.105807,-109.791313,0
2019-12-31 13:08:59,2242542703101233,"fraud_Rodriguez, Yost and Jenkins",misc_net,157.91,Samuel,Jenkins,M,43235 Mckenzie Views Apt. 837,Westport,KY,40077,38.4921,-85.4524,564,Pensions consultant,1996-04-10,d0b9d1a4b7f75d2f72c6a4afa32874f4,1356959339,39.187385,-86.38251899999999,0
2020-03-08 18:32:39,30560609640617,fraud_Kirlin and Sons,personal_care,104.92,Michael,Olson,M,558 Michael Estates,Luray,MO,63453,40.4931,-91.8912,519,Town planner,1966-02-13,af09055e1079d1578dd81f063c967c6a,1362767559,40.730906,-91.879125,0
2020-06-02 19:00:19,4874006077381178,fraud_Pacocha-Weissnat,kids_pets,55.36,Patricia,Russell,F,89297 Wilson Green Suite 601,Moscow,IA,52760,41.5646,-91.0859,533,Chief Technology Officer,1990-01-13,d610e592cbf5ab802409c4d87a473c28,1370199619,41.523268,-90.278413,0
2020-02-08 14:54:55,675945690716,"fraud_Jones, Sawayn and Romaguera",misc_net,37.98,Ellen,Smith,F,285 George Lake,Beaver Falls,PA,15010,40.7687,-80.3592,28425,Podiatrist,2000-06-09,e6a21fdb6d6b4c1758578370b1da0e31,1360335295,40.059345,-79.746611,0
2020-04-20 23:54:56,30131826429364,fraud_Schuppe-Schuppe,food_dining,123.6,Brianna,Foley,F,57256 Raymond Ports,Knoxville,TN,37932,35.9335,-84.1481,391389,"Designer, industrial/product",1994-04-22,e75031731156a33574e9038b2bd497e5,1366502096,35.488347999999995,-84.915735,0
2020-04-09 03:23:53,36722699017270,fraud_Wisozk and Sons,misc_pos,8.16,Jessica,Perez,F,8172 Robertson Parkways Suite 072,Superior,AZ,85173,33.2887,-111.0985,2872,Petroleum engineer,1987-10-28,6f4a287ae853abac473ce5e98a7bf523,1365477833,34.209232,-110.192174,1
2020-02-21 08:27:24,4826655832045236,"fraud_Schaefer, Maggio and Daugherty",gas_transport,56.32,Tami,Forbes,F,5204 Robinson Plaza Suite 897,Barnstable,MA,2630,41.6983,-70.3001,1850,Counselling psychologist,1963-12-29,9a75ab64ece5bffbdf9b1f733cbe8f15,1361435244,41.564632,-70.191124,0
2020-01-11 16:53:09,4586810168620942,"fraud_Fadel, Mertz and Rippin",entertainment,82.94,Michelle,Gregory,F,6983 Carrillo Isle,Edisto Island,SC,29438,32.5486,-80.307,2408,"Sales professional, IT",1997-07-05,d9a14e164216cc46f6b183a3a5ed5d0b,1357923189,33.19845,-79.310487,0
2020-03-30 07:28:40,3587960728692500,fraud_Marks Inc,gas_transport,56.21,Kathy,Hughes,F,02110 Lucas Freeway Suite 517,Battle Creek,IA,51006,42.3327,-95.6045,1075,"Teacher, early years/pre",1997-01-02,890694197d2f3e3dad62ae9526362038,1364628520,43.134566,-95.050428,0
2020-03-16 15:24:32,3511058278399773,fraud_Kutch-Ferry,home,91.84,Briana,Santos,F,702 Tabitha Drive,New Goshen,IN,47863,39.5803,-87.4616,205,"Engineer, mining",1960-01-06,4640487070276f1e10eb3f012280e0b9,1363447472,39.181028000000005,-88.344865,0
2020-04-13 17:13:59,38052002992326,fraud_Haag-Blanda,food_dining,64.32,Anna,Logan,F,3522 Park Wells Suite 528,Cleveland,TX,77327,30.33,-95.0202,34153,Building surveyor,1995-09-11,8e75ea3daed399cb6b15ec647507dd5e,1365873239,30.373687,-95.560118,0
2020-04-22 05:18:05,3506042666828517,"fraud_Heathcote, Yost and Kertzmann",shopping_net,1.26,Christine,Burns,F,343 Hannah Parkway,Comfort,WV,25049,38.1372,-81.5962,630,Fine artist,1959-07-30,602d4a2a717df053b8587a48d25f6e59,1366607885,38.303757,-82.088488,0
2020-01-02 19:42:15,4377338765909719,fraud_Champlin-Casper,home,16.46,Nicholas,Mcmahon,M,2123 Jonathan Falls Suite 753,Heiskell,TN,37754,36.115,-84.0438,4729,"Geologist, wellsite",1982-04-19,d57ef9116d7af7088e8677231aa93536,1357155735,36.738217,-83.675113,0
2020-03-08 07:44:29,4003989662068504,"fraud_Huel, Hammes and Witting",grocery_pos,48.66,Chris,White,M,98897 Bennett Lodge,Bessemer,AL,35022,33.3224,-86.9657,71463,Radio broadcast assistant,1989-02-08,459e7c6c35f7c2f11dd1733296b309b1,1362728669,33.070169,-87.915858,0
2020-06-02 13:03:31,6592861994408652,fraud_Renner Ltd,home,35.97,Ashley,Whitehead,F,58188 Madison Meadow Apt. 949,Cowlesville,NY,14037,42.8112,-78.4481,1166,Colour technologist,1983-06-12,a7ed7a8224c97014b582bc0c7dff44e9,1370178211,43.260295,-77.555098,0
2020-02-12 10:13:00,30273037698427,fraud_Kuvalis Ltd,gas_transport,67.6,Andrew,Patterson,M,06959 Stephen Branch Suite 246,Thida,AR,72165,35.5762,-91.4539,111,Careers information officer,2000-06-13,39f63c7205c3658002dbfe6df798f1ee,1360663980,35.524640999999995,-91.280972,0
2019-12-30 17:47:08,2248735346244816,fraud_Parker-Kunde,personal_care,60.95,Jacob,Weber,M,29156 Mark Park Apt. 108,Utica,KS,67584,38.6411,-100.138,269,Product/process development scientist,1962-11-11,699022c191969c335e6387177ad2d031,1356889628,38.552257,-100.346773,0
2020-03-07 20:09:27,4481131401752,fraud_Hoppe-Parisian,kids_pets,169.8,Frank,Foster,M,37910 Ward Lights,Shrewsbury,MA,1545,42.2848,-71.7205,35299,English as a second language teacher,1975-04-30,c5c602dc907bf4e1d30ed9a3e9a7adf9,1362686967,43.233038,-70.897409,0
2020-06-16 19:11:08,30561214688470,fraud_Rempel Inc,shopping_net,2.26,Gina,Morrison,F,41851 Victor Drives Suite 219,Allentown,PA,18103,40.5891,-75.4645,166081,"Scientist, research (maths)",1998-10-01,587b78a69109ecd11e54950df30d7cba,1371409868,41.250371,-74.51615799999999,0
2020-05-04 19:52:11,3568736585751727,fraud_Cormier LLC,health_fitness,75.33,Thomas,Cross,M,7566 Thompson Creek Apt. 827,Elkhart,IA,50073,41.8114,-93.4855,1195,Trading standards officer,1974-03-13,168e165647ef8bc6b72a3a6ed02b037f,1367697131,40.849167,-93.106676,0
2020-05-26 17:03:56,4951647200979051,fraud_Boyer PLC,misc_pos,9.25,Kimberly,Miller,F,75533 Tamara Valleys,Logan,IL,62856,37.9943,-88.9417,324,"Scientist, research (physical sciences)",1976-06-15,72b317b04bf692b8bec3815a11b0eaf0,1369587836,38.151827,-88.867795,0
2020-06-03 18:25:49,372246459334925,fraud_Auer LLC,personal_care,12.9,Rick,Martinez,M,062 Poole Hollow Apt. 815,Deadwood,SD,57732,44.3566,-103.6999,1979,Multimedia programmer,1970-03-13,920acc9ee8622de2df65aaf76999a738,1370283949,44.792078,-103.037427,0
2020-06-12 05:36:48,36721445180895,"fraud_Jenkins, Hauck and Friesen",gas_transport,98.53,Cesar,Smith,M,901 Ariel Points,Jefferson,NY,12093,42.4999,-74.6117,1666,Diagnostic radiographer,1968-07-01,a78526a2f4371a325c60970a3119332f,1371015408,41.577842,-75.203707,0
2020-05-24 05:00:30,6011552879910390,"fraud_Kihn, Abernathy and Douglas",shopping_net,95.57,Robert,Long,M,529 Joshua Knoll Apt. 511,Lonetree,WY,82936,41.0552,-110.1603,49,Research scientist (physical sciences),1981-07-05,bfd2ab7aa3b93332a273f9aa008269c4,1369371630,40.811873,-110.048397,0
2020-04-24 14:58:15,4725837176265195730,fraud_Bahringer-Streich,food_dining,22.16,Elizabeth,Mckee,F,358 Pruitt Square,Jay,FL,32565,30.8985,-87.1332,5719,Higher education careers adviser,1994-11-05,ade706926ca3cbc4add39eb35285f4ce,1366815495,31.491152000000003,-87.20406,0
2020-01-17 19:55:08,4181833256558613886,fraud_Windler LLC,kids_pets,17.4,Jessica,Potter,F,7600 Stephen Course Suite 031,Red River,NM,87558,36.6659,-105.4694,606,"Surveyor, land/geomatics",1988-09-06,4070d3532dae7e814b28ffd66b9dc7a6,1358452508,36.205541,-105.428226,0
2020-03-25 02:57:44,4191109180926792,fraud_Cole PLC,grocery_pos,220.53,Jennifer,Spencer,F,477 Wheeler Burg,Amanda,OH,43102,39.6251,-82.7552,4512,Farm manager,1992-10-03,399de3380bcd87baa71db2a9632fdcbc,1364180264,39.490924,-82.471811,0
2020-06-20 02:09:18,3596217206093829,fraud_Harris Inc,gas_transport,23.64,Sara,Ramirez,F,23843 Scott Island,Birmingham,IA,52535,40.8626,-91.9534,888,Camera operator,1988-03-25,a3fbb195bee5f68a09e752df221a2725,1371694158,39.991372,-91.035408,0
2020-06-16 18:51:38,4025612008285111,"fraud_Schaefer, Fay and Hilll",entertainment,13.78,Krystal,Key,F,23142 Montoya Island Apt. 742,Corsica,PA,15829,41.1762,-79.1976,1274,Maintenance engineer,1949-03-20,4e4ab9fc04a54ef34b26a07cab6aeed2,1371408698,41.021509,-79.712401,0
2020-06-15 19:23:35,4586810168620942,"fraud_Kihn, Brakus and Goyette",personal_care,2.4,Michelle,Gregory,F,6983 Carrillo Isle,Edisto Island,SC,29438,32.5486,-80.307,2408,"Sales professional, IT",1997-07-05,ed6a5bd515a3f7ae751b4ff62e2f05e3,1371324215,33.465137,-79.725173,0
2020-05-17 12:59:28,3518669219150142,fraud_Turcotte-Halvorson,misc_pos,6.42,Dorothy,Thomas,F,537 Rice Square Suite 040,Milford,OH,45150,39.1657,-84.23299999999999,31394,Hospital doctor,1996-11-12,954d030fc1ca7ba1e40ba7463cac2963,1368795568,39.782812,-84.551551,0
2020-02-27 00:27:31,4874006077381178,"fraud_Reichert, Rowe and Mraz",shopping_net,997.49,Patricia,Russell,F,89297 Wilson Green Suite 601,Moscow,IA,52760,41.5646,-91.0859,533,Chief Technology Officer,1990-01-13,09cb18cfb9bb8590f795044c86a0c1c7,1361924851,41.551509,-91.93914,1
2020-03-08 23:02:05,375974680629816,fraud_McGlynn-Heathcote,misc_net,113.26,Roberta,Mccarthy,F,94431 Matthew Mall Suite 296,Plymouth,CT,6782,41.6611,-73.0449,2376,Herpetologist,1973-04-06,22d3ddd29c370b1479f448411984ea36,1362783725,41.510894,-72.78496700000001,0
2020-06-16 01:50:10,3577663406369449,fraud_McDermott-Rice,misc_pos,7.13,Cody,Hooper,M,7233 John Parks,Lepanto,AR,72354,35.6069,-90.3359,2470,Counselling psychologist,1968-10-06,6dc5f31190eca290155313c0e9b1cd67,1371347410,35.384648,-89.98658499999999,0
2020-06-11 09:21:21,375974680629816,fraud_Kiehn Inc,grocery_pos,117.56,Roberta,Mccarthy,F,94431 Matthew Mall Suite 296,Plymouth,CT,6782,41.6611,-73.0449,2376,Herpetologist,1973-04-06,576ebdd731b261ee294fbe06c1e6ec6f,1370942481,41.460884,-72.449561,0
2020-01-18 14:34:48,346273234529002,fraud_Nader-Maggio,personal_care,6.94,Donna,Moreno,F,32301 Albert River Suite 364,Ronceverte,WV,24970,37.7418,-80.4626,4575,Statistician,1991-10-22,99883a262b07eb04438f2bbf2e532d53,1358519688,38.343144,-80.095961,0
2020-04-10 13:08:24,213148039875802,"fraud_O'Connell, Botsford and Hand",home,228.39,Jill,Jacobs,F,034 Kimberly Mountains,Brandon,FL,33510,27.9551,-82.2966,79613,Environmental consultant,1978-11-30,fb9add385d7ce2ca5c887c922570408b,1365599304,27.646971,-82.31926,0
2020-05-06 06:37:23,6011399591920186,fraud_Emard Inc,gas_transport,48.29,Maria,Roy,F,58665 Nicholas Ford Suite 348,Sheffield,MA,1257,42.1001,-73.3611,2121,Radio producer,1973-10-14,6452cf467dd44ed160f3f794af1e88c3,1367822243,41.113224,-73.798231,0
2020-05-04 17:28:43,60422928733,fraud_Shields-Wunsch,health_fitness,3.04,Jeffrey,Powers,M,38352 Parrish Road Apt. 652,North Augusta,SC,29860,33.6028,-81.9748,46944,Secondary school teacher,1942-04-02,734d7d437593ea2789d5e090e6f1ecdc,1367688523,34.416548,-82.402513,0
2019-12-29 23:06:40,3519607465576254,"fraud_Gutmann, McLaughlin and Wiza",home,121.03,Audrey,Gonzalez,F,34180 Lopez Plaza,Fields Landing,CA,95537,40.7268,-124.2174,276,"Scientist, audiological",1929-05-06,baa42225b11f7d228441c670293c2222,1356822400,40.753078,-123.90211,0
2020-03-26 20:56:33,38588538868506,"fraud_Parker, Nolan and Trantow",entertainment,25.77,Jacqueline,Curry,F,3047 Jeff Place,Marathon,TX,79842,30.1886,-103.2214,498,Lexicographer,1990-11-23,2196862ee5ba4c5e9f3ad13e74f9d323,1364331393,30.682835,-102.670112,0
2020-03-17 14:43:40,6011104316292105,fraud_Upton PLC,entertainment,40.57,Valerie,Davis,F,3861 Anderson Ramp Apt. 536,Drakes Branch,VA,23937,36.9688,-78.5615,1970,Energy engineer,1985-09-02,694f8e621b4abd5af852d61aa94c2a57,1363531420,36.052473,-78.144889,0
2020-05-05 05:15:45,4809701904914,"fraud_Hayes, Marquardt and Dibbert",misc_net,18.32,Sabrina,Nolan,F,312 Eric Expressway Apt. 014,Phenix City,AL,36869,32.4204,-85.0796,59744,Chemical engineer,1984-02-07,ce13d24089b187f2545090f6ec151d2b,1367730945,31.544894,-84.273004,0
2020-04-26 14:37:26,348253506557335,"fraud_Lesch, D'Amore and Brown",food_dining,137.49,Thomas,Gibson,M,32745 Silva Springs Suite 040,Grand Bay,AL,36541,30.4983,-88.3282,15647,Armed forces logistics/support/administrative officer,1948-03-22,9cbec1dd29542b54a2d687e05b0a6f31,1366987046,30.654409,-88.853977,0
2020-06-07 17:28:06,4586810168620942,fraud_Nolan-Williamson,kids_pets,33.77,Michelle,Gregory,F,6983 Carrillo Isle,Edisto Island,SC,29438,32.5486,-80.307,2408,"Sales professional, IT",1997-07-05,308028ee871b9aa9b7a19d649ee35d27,1370626086,33.242985,-80.717561,0
2020-04-26 08:59:24,4642255475285942,fraud_Volkman Ltd,misc_net,50.96,Sabrina,Johnson,F,320 Nicholson Orchard,Thompson,UT,84540,38.9999,-109.615,46,"Surveyor, minerals",1987-04-23,49112845db284da16ec479b7c9c7613d,1366966764,38.885372,-110.336464,0
2020-05-24 20:51:11,30150717898388,"fraud_Medhurst, Labadie and Gottlieb",travel,6.91,Raymond,Lloyd,M,5930 Rebecca Bridge Apt. 444,Paint Rock,AL,35764,34.7031,-86.3068,653,Paediatric nurse,1966-06-19,77310e9ba2312418c9361c08a9f077f9,1369428671,35.313596999999994,-86.85905799999999,0
2020-06-15 20:24:37,3536818734263520,"fraud_Nienow, Barrows and Romaguera",personal_care,45.06,Gerald,Frank,M,95793 Andrea Ville Suite 533,Des Moines,IA,50314,41.603,-93.633,222785,Interior and spatial designer,1981-08-10,188d5d69d8ceb77d73ab013f3c57d6bc,1371327877,41.22209,-94.20197,0
2020-04-26 07:56:32,4855853415727304322,fraud_Pacocha-Bauch,shopping_pos,8.15,Justin,Aguilar,M,184 Miller Manors,Wittenberg,WI,54499,44.8232,-89.1665,3223,Senior tax professional/tax inspector,1954-06-30,cdc7c3ec435a69eb8ff3ebeb33db6fb9,1366962992,44.821655,-88.27123,0
2020-03-27 18:16:42,6011104316292105,fraud_Klein Group,entertainment,85.99,Valerie,Davis,F,3861 Anderson Ramp Apt. 536,Drakes Branch,VA,23937,36.9688,-78.5615,1970,Energy engineer,1985-09-02,3e008f0e312ed5d1d3fc8d2e80a1006a,1364408202,37.898148,-79.19587,0
2020-04-21 08:02:15,4169388510116,fraud_Eichmann-Russel,misc_pos,1.95,Marcia,Molina,F,6744 Jimmy Extensions,Port Gibson,NY,14537,43.033,-77.1575,207,Database administrator,1962-09-27,ce109ae8a9e2251c444b3e5b327c48a2,1366531335,43.773896,-77.790515,0
2020-04-19 15:48:05,30143713661454,fraud_Kutch-Ferry,home,45.27,Nicholas,Thornton,M,5270 Megan Burg Suite 756,Halma,MN,56729,48.6669,-96.5969,140,"Embryologist, clinical",1942-01-06,987599d9feda9ff405f0cbc4734679d6,1366386485,48.02264,-96.115597,0
2020-04-09 01:04:23,3562679455732797,fraud_Cole PLC,grocery_pos,104.4,Amanda,Jones,F,7320 Jennifer Forges,Queenstown,MD,21658,39.0026,-76.1424,3862,Maintenance engineer,1962-12-06,46cf22b41a0f704a2e0e4026ac4172c5,1365469463,38.24292,-76.662314,0
2020-06-19 11:15:19,4260128500325,fraud_Dicki Ltd,grocery_net,46.23,Whitney,Gallagher,F,0374 Courtney Islands Apt. 400,Deane,KY,41812,37.2409,-82.7696,230,"Conservation officer, historic buildings",1997-08-04,5069983c72d0ae5a85d18021f27f6bc7,1371640519,37.664652,-82.288948,0
2020-03-13 12:40:52,6011399591920186,"fraud_Haley, Batz and Auer",health_fitness,10.89,Maria,Roy,F,58665 Nicholas Ford Suite 348,Sheffield,MA,1257,42.1001,-73.3611,2121,Radio producer,1973-10-14,9163312f9010d1722565021b6250bbd7,1363178452,42.805071000000005,-72.837809,0
2020-06-02 17:58:11,4451952084362894,"fraud_Romaguera, Wehner and Tromp",kids_pets,51.43,Joseph,Davis,M,941 Adam Stravenue,Nazareth,TX,79063,34.5444,-102.1069,686,Petroleum engineer,1980-07-30,c1b395a1210e3353f6ae4e9735c03ad4,1370195891,34.465546,-102.400604,0
2020-04-10 12:43:53,3545109339866548,fraud_Volkman PLC,food_dining,2.84,Keith,Sanders,M,8030 Beck Motorway,Moorhead,MS,38761,33.4783,-90.5142,2870,Chartered public finance accountant,1999-03-05,41861436ca734eb314605b9e14176740,1365597833,33.558764000000004,-91.074589,0
2020-01-23 12:08:03,3500969075198072,"fraud_Watsica, Haag and Considine",shopping_pos,190.74,Kenneth,Sanchez,M,0110 Ashley Forest,Tekoa,WA,99033,47.2271,-117.0819,895,Clothing/textile technologist,1999-05-31,85f84897b06d3a057cef8fd9e1658ac9,1358942883,47.415365,-117.471397,0
2020-04-14 03:36:23,4400011257587661852,fraud_McDermott-Weimann,grocery_pos,350.28,Marissa,Powell,F,474 Allen Haven,North Loup,NE,68859,41.4972,-98.7858,509,"Nurse, children's",1980-09-15,02b2e38764f257dd300bbce85be04d36,1365910583,42.371178,-99.517833,1
2020-03-25 01:44:44,376656886990758,"fraud_Casper, Hand and Zulauf",grocery_pos,81.69,Richard,Vance,M,169 Shelia Knoll Suite 753,Zavalla,TX,75980,31.1569,-94.3871,2836,"Designer, jewellery",1985-12-03,7f8400514a3024c71d715755571b570c,1364175884,31.04789,-94.499031,0
2020-05-15 14:29:32,584673555952,fraud_Hills-Boyer,personal_care,177.12,Jessica,Jordan,F,071 Wise Trace,Coleharbor,ND,58531,47.5196,-101.2332,307,Make,1930-08-13,8f6e5fbed7b470b6a2a0606ea8f285ab,1368628172,48.489856,-100.375446,0
2020-02-08 22:10:09,6534628260579800,fraud_Hilpert-Conroy,kids_pets,20.29,Christine,Harris,F,29606 Martinez Views Suite 653,Hinesburg,VT,5461,44.3346,-73.098,4542,Claims inspector/assessor,1998-03-19,0bbb9fd1edc1b88ba96e564e15d58186,1360361409,44.549397,-72.19485999999999,0
2020-03-17 21:17:35,180081032825079,fraud_Feil-Morar,health_fitness,11.75,Connie,Carroll,F,872 Justin Views Suite 746,Duncan,MS,38740,34.047,-90.7652,466,Trading standards officer,1955-04-03,ea068105f8ef73b96f719510dd6fcb50,1363555055,33.796475,-90.45334,0
2020-04-21 14:33:54,4006047418382,fraud_Satterfield-Lowe,travel,2.85,Robert,Sanchez,M,7314 Johnson Square Apt. 296,Parkers Lake,KY,42634,36.8347,-84.4436,1565,"Designer, industrial/product",1968-07-24,5800272a680063ccd82d84150cd7ebc6,1366554834,36.292928,-84.542681,0
2020-05-24 17:14:53,30143535920989,fraud_Lynch-Mohr,travel,8.14,Lisa,Collins,F,44197 Jeffrey Port Suite 050,Bridgeport,NJ,8014,39.8016,-75.3478,504,"Engineer, control and instrumentation",1980-08-17,d706d1635ca25785d94619b9c3660f02,1369415693,40.738315,-75.349106,0
2020-02-22 06:58:59,342952484382519,fraud_Kutch LLC,gas_transport,64.83,Kayla,Jones,F,6033 Young Track Suite 804,East Canaan,CT,6024,42.0158,-73.2913,647,Comptroller,1987-09-26,1549365554f07be402ddbffd0bafdef2,1361516339,41.446412,-74.15075300000001,0
2020-05-31 20:14:13,630425673344,fraud_Cormier LLC,health_fitness,122.34,Bryan,Miller,M,411 Laurie Fords,Cass,WV,24927,38.388000000000005,-79.9906,365,Special effects artist,1970-03-14,9178b9a546f80b6325aeac1894d34a3f,1370031253,37.794028,-80.397302,0
2019-12-30 23:31:40,3501509250702469,fraud_Volkman PLC,food_dining,103.84,Frank,Anderson,M,0611 Stafford Valley Suite 504,Naples,FL,34112,26.1184,-81.7361,276002,"Programme researcher, broadcasting/film/video",1979-01-02,aeafdc66f79ec90df9a3f032420cb345,1356910300,26.713337,-81.892875,0
2020-03-10 21:11:06,213136802746375,"fraud_Reinger, Weissnat and Strosin",food_dining,11.55,Christine,Davis,F,736 Moss Motorway Suite 549,Humboldt,AZ,86329,34.5189,-112.2523,1179,"Civil engineer, contracting",1955-01-20,bf19b8ecb76489bb81658f2b3347feb6,1362949866,34.447996999999994,-112.76556399999998,0
2020-05-15 20:27:00,3533012926413100,"fraud_Mante, Luettgen and Hackett",health_fitness,12.44,Megan,Bernard,F,128 Nathan Ramp,Barneveld,NY,13304,43.2237,-75.1612,1684,IT trainer,1994-03-01,b20fc88d78335e33d9ae82389dfcc0db,1368649620,43.840696,-75.73328000000001,0
2020-05-19 22:02:17,6506982560413523,fraud_Dibbert and Sons,entertainment,44.91,Alice,Kemp,F,057 Martinez Radial,Texarkana,AR,71854,33.431,-93.8765,36438,Surgeon,1985-04-15,c4941f55db56f323e809b74e89d36074,1369000937,33.861871,-94.665427,0
2020-05-31 02:25:31,2242542703101233,fraud_Friesen-D'Amore,gas_transport,43.76,Samuel,Jenkins,M,43235 Mckenzie Views Apt. 837,Westport,KY,40077,38.4921,-85.4524,564,Pensions consultant,1996-04-10,03c44fac28dec69f7dd82312396b4371,1369967131,38.771554,-84.709866,0
2020-01-12 17:03:49,4254074738931278,fraud_Rau-Grant,kids_pets,3.93,Gary,Hall,M,69085 Short Shores,Allentown,NY,14707,42.0737,-78.0594,239,Radio producer,1956-05-02,f57b02a2a547a4376c5868ea000d12f8,1358010229,43.060213,-79.053721,0
2020-04-09 19:45:09,38199021865320,fraud_Goyette-Gerhold,kids_pets,55.29,Jesse,Roberts,M,8415 Vaughn Squares Apt. 788,Acworth,NH,3601,43.196000000000005,-72.3001,477,Naval architect,1988-04-15,e04b6638ddcfbf810cb474bbcf6a3aae,1365536709,43.844577,-72.082922,0
2020-03-27 03:01:52,30082025922891,"fraud_Schultz, Simonis and Little",grocery_pos,113.47,Kathleen,Thompson,F,199 Patterson Fords Apt. 132,Naples,FL,34112,26.1184,-81.7361,276002,"Pilot, airline",1934-06-23,f0a13c5ecab3dc3e0d6504e5d5a907a5,1364353312,26.192378,-81.083954,0
2020-03-06 10:31:38,3547560454237873,"fraud_Eichmann, Bogan and Rodriguez",gas_transport,82.81,Jerry,Robinson,M,212 Mary Stream,Arcadia,MI,49613,44.5232,-86.2061,680,"Designer, jewellery",1966-12-21,2bfcda09c60a1880171e3d1678539f53,1362565898,44.842226,-85.317367,0
2020-01-09 17:13:59,3541160328600277,"fraud_Cormier, Stracke and Thiel",entertainment,98.32,Jason,Singh,M,4720 Anna Ways,Murrayville,IL,62668,39.5723,-90.2379,1512,Commercial/residential surveyor,2003-05-07,3d1e1b289946149cc76f4ef1bdc6ce75,1357751639,38.871412,-90.232257,0
2020-06-20 06:13:37,370877495212014,fraud_Schamberger-O'Keefe,grocery_pos,182.37,Sarah,Clark,F,25961 Beverly Union Apt. 042,North Wilkesboro,NC,28659,36.2017,-81.1286,21134,Dispensing optician,1984-03-06,60e9d838a7c5c9019ca545573d82b5db,1371708817,36.325104,-82.073614,0
2020-05-31 18:31:47,676195318214,"fraud_Hagenes, Kohler and Hoppe",food_dining,70.59,Brandy,Quinn,F,9734 Beard Fields Suite 885,Altair,TX,77412,29.6047,-96.5249,106,"Editor, film/video",1983-07-24,b40d5725c8594fbfe8f84b4d0382d136,1370025107,29.203893,-96.604389,0
2020-04-14 14:12:25,3504178999463051,fraud_Schmeler Inc,misc_pos,9.98,Drew,Garcia,M,70858 Jasmine Meadows Apt. 135,Lima,OH,45801,40.7641,-84.0973,86954,"Copywriter, advertising",1992-07-23,cb6506a33097479055724c3ceedecaeb,1365948745,41.362932,-84.384196,0
2020-06-15 00:02:38,4005676619255478,"fraud_Robel, Cummerata and Prosacco",gas_transport,86.1,William,Perry,M,458 Phillips Island Apt. 768,Denham Springs,LA,70726,30.459,-90.9027,71335,Herbalist,1994-05-31,d95ab13b57bcea7909533876e19ab6e7,1371254558,30.008482,-90.780796,0
2020-03-15 12:35:53,5596347693144598,fraud_Hilpert-Conroy,kids_pets,57.92,Joseph,Moody,M,5901 Foster Pine,Kenner,LA,70062,29.9912,-90.2479,68211,"Engineer, petroleum",1941-04-23,a0839b507603ba276bc0d3d62564c941,1363350953,29.249672,-90.548286,0
2020-05-22 11:22:14,378006354724784,"fraud_Baumbach, Hodkiewicz and Walsh",shopping_pos,158.55,Christopher,Matthews,M,433 John Heights Apt. 849,Etlan,VA,22719,38.5095,-78.2638,395,Senior tax professional/tax inspector,1982-01-07,8bde2f8bd490919c68f264dbf719f91a,1369221734,39.187198,-78.09044399999999,0
2020-04-01 17:12:46,4689147265057948423,fraud_Kessler Group,travel,2.04,Steven,Brooks,M,2622 Reynolds Isle,Manley,NE,68403,40.9207,-96.168,206,Human resources officer,1967-10-04,b36859b7cf7406a2c8bd8854eaaeed07,1364836366,41.030799,-95.405657,0
2020-02-16 21:42:46,6011893664860915,fraud_Lind-Buckridge,entertainment,133.33,Erin,Chavez,F,3379 Williams Common,Littleton,CO,80120,39.5994,-105.0044,320420,Water engineer,1975-07-31,ef21ad9ac2cbc9978f8c974d09df8721,1361050966,39.856397,-104.91805,0
2020-05-17 20:41:03,6011724471098086,fraud_Goyette-Gerhold,kids_pets,66.7,Ann,Lawson,F,144 Evans Islands Apt. 683,Burbank,WA,99323,46.1966,-118.9017,3684,Musician,1981-11-29,e0da87367858fdf822062ea617b0aa0b,1368823263,45.395181,-118.188368,0
2020-01-10 13:08:50,4634955908138648,"fraud_Romaguera, Cruickshank and Greenholt",shopping_net,6.32,Mackenzie,Smith,F,7178 Willis Drive,Hooper,NE,68031,41.6414,-96.5232,1745,"Engineer, automotive",1973-12-26,e48ceb0a52e931cc8c3d8e9b27242516,1357823330,42.261731,-96.889698,0
2020-03-27 23:00:54,676372984911,fraud_Bogisich-Homenick,misc_net,411.39,Vicki,Mendoza,F,3645 Atkins Island Apt. 238,Esbon,KS,66941,39.7562,-98.4462,242,Tourism officer,1987-07-18,b269a602663a54c68e53d2130a9a3dfd,1364425254,40.336786,-97.794312,0
2020-06-11 21:16:49,4476840372112,fraud_Pfeffer and Sons,shopping_pos,6.63,Steven,Walters,M,3206 Hall Divide Suite 282,Woodville,AL,35776,34.6689,-86.2296,3395,"Editor, commissioning",1979-01-21,1b125c70276886005361d8afcaf109e2,1370985409,34.540347,-86.715756,0
2020-04-15 05:01:51,36721445180895,fraud_Harris Inc,gas_transport,61.69,Cesar,Smith,M,901 Ariel Points,Jefferson,NY,12093,42.4999,-74.6117,1666,Diagnostic radiographer,1968-07-01,b76f472a54818d0c3948fa770dc2cf65,1366002111,42.896692,-74.227047,0
2020-02-02 12:26:21,571465035400,"fraud_Bernhard, Grant and Langworth",shopping_pos,143.04,Louis,Fisher,M,45654 Hess Rest,Fort Washakie,WY,82514,43.0048,-108.8964,1645,Freight forwarder,1976-02-26,f35caa51079a9f1dd1d358e93713ce91,1359807981,43.023684,-108.998261,0
2019-12-30 02:41:27,4025612008285111,fraud_Kuhn LLC,shopping_pos,5.36,Krystal,Key,F,23142 Montoya Island Apt. 742,Corsica,PA,15829,41.1762,-79.1976,1274,Maintenance engineer,1949-03-20,c755d5516ec3163838424dc4e367ee95,1356835287,40.292594,-78.265183,0
2020-04-09 15:14:49,4613314721966,"fraud_Cronin, Kshlerin and Weber",health_fitness,75.53,Jason,Murphy,M,542 Steve Curve Suite 011,Collettsville,NC,28611,35.9946,-81.7266,885,Soil scientist,1988-09-15,7e9c509f12cdcb176418af34cff67c3e,1365520489,35.717555,-81.266789,0
2020-03-03 08:54:38,2274911989136158,"fraud_Watsica, Haag and Considine",shopping_pos,32.97,Robert,Velazquez,M,3136 Silva Stream,Parker,CO,80138,39.5102,-104.7216,84861,Materials engineer,1932-03-10,399d3af105e278728481f6904d5d5fdf,1362300878,39.039376,-104.373642,0
2020-02-20 01:11:44,376445266762684,"fraud_Streich, Hansen and Veum",gas_transport,61.07,Rachel,Lowe,F,372 Jeffrey Course,Sutherland,NE,69165,41.1558,-101.136,1789,Insurance broker,1982-02-11,aec3959be0457c85ace6a339c1656b75,1361322704,41.225711,-100.401639,0
2020-04-12 19:51:51,3589255887819806,fraud_Kling-Ernser,entertainment,23.84,David,Miller,M,622 Bradley Knoll Apt. 758,Hancock,MD,21750,39.6991,-78.1762,3766,Press photographer,1984-02-14,236863a88015aa0d00097bb113ffd251,1365796311,40.54466,-78.301489,0
2020-04-21 13:50:31,4613314721966,fraud_Gerhold LLC,home,85.13,Jason,Murphy,M,542 Steve Curve Suite 011,Collettsville,NC,28611,35.9946,-81.7266,885,Soil scientist,1988-09-15,9cb0a5bae962ac6e8c0e48e8c0bd9b58,1366552231,35.234226,-82.55606800000001,0
2020-01-20 22:23:22,4761403817546679245,fraud_Weimann-Lockman,kids_pets,97.68,Diana,Jacobs,F,69608 Perez Mountain Apt. 006,Viola,AR,72583,36.3924,-91.9932,1679,Psychiatric nurse,1986-05-02,1a498d22789282d0df3fb9619bab6edf,1358720602,36.409158000000005,-91.370524,0
2020-04-20 21:29:04,4319584480204988982,fraud_Friesen-Ortiz,personal_care,75.69,Kathleen,Nash,F,010 Salazar Walk,Cromona,KY,41810,37.1788,-82.695,502,Chief Financial Officer,1960-02-01,2c715adedf2ded1cbfd078436a90f5d5,1366493344,36.325514,-82.597858,0
2020-01-18 01:19:24,3561963695236764,"fraud_Cremin, Hamill and Reichel",misc_pos,33.31,Michael,Lee,M,7915 Dawn Roads Apt. 544,Shelter Island,NY,11964,41.06399999999999,-72.3366,1858,Clinical biochemist,1984-03-03,5d99577fd8b96e0c92495007fa84605b,1358471964,41.678891,-72.752397,0
2020-05-02 23:28:17,6011542681743618,fraud_Friesen-Ortiz,personal_care,3.77,Emily,Hall,F,8851 Reese Neck,Basye,VA,22810,38.8089,-78.7776,863,"Engineer, mining",1972-08-09,b2cf2ead1fa07ec48f3909473e47445a,1367537297,38.614778,-78.572529,0
2020-01-18 17:58:48,4980323467523543940,fraud_Greenholt Ltd,health_fitness,233.5,Patrick,Massey,M,7812 Shane Shoals Apt. 607,North Haverhill,NH,3774,44.0978,-72.0191,1966,Structural engineer,1947-10-27,6324df86ac67a02bf759b4f6e07a564a,1358531928,44.364111,-72.456969,0
2020-06-15 17:19:32,30442439074871,fraud_Skiles LLC,home,97.52,Linda,Sanchez,F,6574 William Hill Apt. 375,Jermyn,PA,18433,41.5744,-75.5881,6508,Training and development officer,1981-06-22,ccb554ef79ea9ad4275092ff5c6c8077,1371316772,42.522998,-75.60297800000001,0
2020-06-21 00:09:40,4555104582813474,fraud_Paucek-Wiza,grocery_net,48.28,Chris,Daniel,M,025 White Fork Apt. 633,Rock Glen,PA,18246,40.954,-76.1747,143,Health and safety adviser,1982-02-19,42e3819d43e32ed8297bb141b812610f,1371773380,40.245897,-75.66242,0
2020-03-15 20:45:36,180084576295055,fraud_Baumbach Ltd,personal_care,12.7,David,Kirby,M,133 Alyssa Plains,Lolita,TX,77971,28.7724,-96.4793,911,Archaeologist,1970-01-18,0e6c8570f740c760ddd0c1bc56afa0c8,1363380336,27.94435,-97.278835,0
2020-04-25 17:04:15,4464457352619,fraud_Schulist Ltd,food_dining,20.85,Breanna,Rodriguez,F,118 Cabrera Springs Apt. 105,Lanark Village,FL,32323,29.8826,-84.5964,217,Television production assistant,1990-01-24,92a20d2b2afa241b676c0c984d0e9d67,1366909455,29.883423,-85.43717600000001,0
2020-06-15 22:22:34,676173792455,fraud_Bernier and Sons,kids_pets,81.5,Brittany,Cox,F,07177 William Dale Apt. 547,Santa Monica,CA,90403,34.0287,-118.4924,92043,"Civil engineer, contracting",1961-04-25,17f9ebb9af9ca872d333266478b2e7d2,1371334954,33.873735,-118.805525,0
2020-02-24 01:50:52,6011934240159560,fraud_Bailey-Morar,grocery_pos,114.13,Joshua,Cohen,M,426 Mark Ports,Brooklin,ME,4616,44.2541,-68.5565,824,"Loss adjuster, chartered",1974-11-02,a9ca80626aa2f48d99f7dceafc3f5acb,1361670652,44.87326,-69.536579,0
2020-03-20 23:54:30,4661996144291811856,"fraud_Nitzsche, Kessler and Wolff",shopping_pos,779.87,Linda,Park,F,24607 Charles Mountains,Fenelton,PA,16034,40.8555,-79.7372,2054,Operations geologist,1963-08-04,4b6dfc74e6daf7ca14491738096e4ce8,1363823670,40.047756,-79.001052,1
2020-01-15 14:20:04,4841313716651064,"fraud_Turcotte, Batz and Buckridge",health_fitness,74.39,Omar,Gay,M,2161 Blankenship Freeway,West Hartford,VT,5084,43.7185,-72.4439,140,"Development worker, community",1989-10-28,3ced851a4fc3de35f2dbe08a88bc0110,1358259604,42.975705,-72.838075,0
2020-05-04 22:14:22,4745996322265,fraud_McDermott-Rice,misc_pos,109.22,Carrie,Washington,F,6114 Adams Harbor Suite 096,Kingsford Heights,IN,46346,41.4802,-86.6919,1423,"Psychologist, forensic",1998-10-07,9ea0b6c0dd364936d49d49b47ff98749,1367705662,40.847708,-86.924534,0
2020-04-19 18:56:45,3540075240003197,fraud_Wilkinson Ltd,entertainment,10.46,Christian,Johns,M,892 Solis Neck,Lonsdale,MN,55046,44.4477,-93.4252,5211,Chief Strategy Officer,1987-01-27,ac34f58ad08364a7224656de09107d7b,1366397805,44.839432,-92.479361,0
2020-05-06 08:01:22,3565423334076143,fraud_Kilback LLC,grocery_pos,64.22,Nathan,Thomas,M,4923 Campbell Pines Suite 717,Carlisle,IN,47838,38.9763,-87.3667,4081,Energy engineer,1938-03-15,7717cb45bf03ed9e552e738c90893409,1367827282,37.987199,-87.864427,0
2020-01-18 07:19:46,30510856607165,"fraud_Watsica, Haag and Considine",shopping_pos,8.61,Frederick,Robinson,M,1125 Ray Track,Livonia,MI,48154,42.3958,-83.3772,96942,Horticultural consultant,1965-04-01,2bbff1a8a6d37be94ae747231fda09c9,1358493586,42.060703,-83.434515,0
2020-01-30 09:12:20,4464457352619,"fraud_Stroman, Hudson and Erdman",gas_transport,71.0,Breanna,Rodriguez,F,118 Cabrera Springs Apt. 105,Lanark Village,FL,32323,29.8826,-84.5964,217,Television production assistant,1990-01-24,f0a7229b88948c88d41efa2daaaaf786,1359537140,29.379765000000003,-84.27387,0
2020-02-07 20:25:57,30234966027947,fraud_Stark-Koss,home,141.02,Matthew,Lambert,M,7188 Melissa Crest Apt. 151,New Holstein,WI,53061,43.9446,-88.0911,5196,Child psychotherapist,1978-01-22,048dfe7d5c745550e6979959e1b42ebb,1360268757,43.32627,-88.487063,0
2020-04-27 16:07:57,30434173205605,fraud_Bartoletti and Sons,personal_care,8.91,Kylie,Kirby,F,79816 Jackson Squares,Shedd,OR,97377,44.453,-123.1065,917,Radio broadcast assistant,1995-07-08,fb4bd9c93b46b6205fc246d766dc8aba,1367078877,43.710747,-123.573699,0
2020-01-19 18:08:13,675909898057,fraud_Wilkinson LLC,personal_care,3.19,Christopher,Henry,M,1198 Robert Stravenue Apt. 479,Armonk,NY,10504,41.136,-73.7009,7987,Television/film/video producer,1964-03-16,29f7f9a412097e2209291c74e57ffab6,1358618893,41.606128000000005,-73.17319599999999,0
2020-04-03 17:32:43,5501083170975659,fraud_Kilback Group,food_dining,116.46,Wayne,Payne,M,587 Bradley Inlet Suite 281,Cuyahoga Falls,OH,44223,41.1464,-81.5107,47772,Equities trader,1966-01-04,37e1a8b971d293159e9bfcb8e1216946,1365010363,40.222221000000005,-82.408351,0
2019-12-31 22:31:11,4226219726886852999,fraud_Kris-Kertzmann,travel,8.75,Jessica,Bell,F,669 Moore Shoal,Bethel,OH,45106,38.9424,-84.09200000000001,12349,Field trials officer,1985-07-08,8394564cc88299625fe9ce7c77be815a,1356993071,38.211529,-84.548615,0
2020-03-04 12:47:54,4839615922685395,fraud_Satterfield-Lowe,travel,2.9,Phillip,Robertson,M,85344 Smith Gateway Apt. 280,Harrodsburg,IN,47434,39.013000000000005,-86.5457,76,Social researcher,1955-05-06,6a4840003055128f6a124a2094211edd,1362401274,39.987237,-86.722186,0
2020-04-28 04:18:51,30270432095985,fraud_Schamberger-O'Keefe,grocery_pos,112.4,Lisa,Lin,F,908 Brooks Brook,Lomax,IL,61454,40.6761,-91.0391,725,Environmental consultant,1972-11-28,56c371ffd4594619e877ebfca1baa33d,1367122731,39.958506,-90.54934,0
2020-06-09 14:57:10,180048185037117,fraud_O'Hara-Wilderman,food_dining,44.07,Mary,Wall,F,2481 Mills Lock,Plainfield,NJ,7060,40.6152,-74.415,71485,Leisure centre manager,1974-07-19,c7d9f037256187ef50a7763f6ac10b96,1370789830,40.062372,-73.41894,0
2020-03-22 23:05:34,340953839692349,fraud_Hickle Group,shopping_pos,1.37,Tyler,Wright,M,615 Clarke Spring Apt. 172,Warren,MI,48088,42.5164,-82.9832,134056,"Doctor, hospital",1980-05-18,fd10f55870cf27485657ef2d0781ee61,1363993534,42.343042,-83.28748399999999,0
2020-03-16 21:43:31,3540075240003197,"fraud_Hermiston, Russel and Price",food_dining,30.56,Christian,Johns,M,892 Solis Neck,Lonsdale,MN,55046,44.4477,-93.4252,5211,Chief Strategy Officer,1987-01-27,e464e34f604c5a86a7c833a6ac8630b9,1363470211,43.816256,-93.04398,0
2020-05-16 12:55:13,2264937662466770,fraud_Goyette-Gerhold,kids_pets,111.7,Juan,Sherman,M,5939 Garcia Forges Suite 297,San Antonio,TX,78214,29.3641,-98.4924,1595797,Land,1995-10-17,ab7cc246ed6556d4e4211aa3704f5f27,1368708913,28.891267,-98.124115,0
2020-04-12 20:38:41,639023984367,fraud_Sporer-Keebler,personal_care,74.34,Destiny,Lowe,F,79472 Stevens Trace Apt. 120,Hannawa Falls,NY,13647,44.6087,-74.9732,69,Chief Executive Officer,1991-06-05,f8acbcf4c5e08d71759bbf1fd23065e9,1365799121,44.854838,-75.526646,0
2020-03-24 02:19:05,3576431665303017,fraud_Flatley Group,misc_pos,6.87,Jessica,Ward,F,72269 Elizabeth Field Apt. 132,Phoenix,AZ,85020,33.5623,-112.0559,1312922,Contractor,1981-10-24,2ebaa9ce578c64746b04b3f41cdb45b6,1364091545,32.914732,-112.886805,0
2020-01-26 12:11:01,3597926034019603,fraud_Simonis-Prohaska,misc_pos,2.08,Derrick,Flores,M,83690 Nicholas Ports Apt. 846,Oakland,TN,38060,35.2229,-89.5518,9496,Furniture conservator/restorer,1993-03-23,82a9c209a4eb9605966c08b1189bf8d9,1359202261,36.15866,-89.669074,0
2020-03-25 12:16:51,570273151375,fraud_Ratke and Sons,health_fitness,1.24,Peter,Edwards,M,96122 Steven Flat,Allentown,GA,31003,32.6064,-83.2095,112,"Lecturer, higher education",1965-02-03,9dd8cd05ebf4550fc9fa6444aa28e712,1364213811,31.713094,-83.057921,0
2020-03-27 09:28:11,3527536963490470,"fraud_Heller, Gutmann and Zieme",grocery_pos,97.84,Teresa,Stein,F,2838 White Fields Apt. 473,Brunson,SC,29911,32.9413,-81.1807,1725,Social researcher,1974-12-05,664a1c180fb71f452be64d869aa7ecbf,1364376491,33.643788,-81.70921,0
2020-05-04 22:59:51,3560697798177746,fraud_Heidenreich PLC,grocery_pos,270.64,Matthew,Young,M,8840 Miller Port Suite 645,Indian Wells,CA,92210,33.7163,-116.3381,4677,Learning mentor,1955-05-06,eb2aa87d2b979b6a25543ba9c35acf29,1367708391,34.565877,-116.115567,1
2020-02-01 14:19:04,345060451158891,fraud_Champlin-Casper,home,12.39,Brian,Perez,M,78652 Scott Ports,Ashfield,MA,1330,42.5232,-72.811,1506,"Production assistant, radio",1960-04-03,a5ae575c5dec6f9a83334f6debb60949,1359728344,42.540114,-72.04308,0
2020-06-20 14:53:11,2712209726293386,fraud_Padberg-Rogahn,entertainment,201.01,Jenna,Brooks,F,50872 Alex Plain Suite 088,Baton Rouge,LA,70808,30.4066,-91.1468,378909,"Designer, furniture",1977-02-22,36155df8d8ad348f80bdaa0187041096,1371739991,29.684518,-91.585757,0
2020-04-23 23:26:13,372509258176510,fraud_Lubowitz-Walter,kids_pets,51.41,Kristen,Hanson,F,26544 Andrea Glen,Goodrich,MI,48438,42.9147,-83.4845,6951,Learning disability nurse,1985-06-18,0db43c9074103a9a2189679731bc3fae,1366759573,43.386308,-83.499973,0
2020-06-08 23:37:17,3556613125071656,fraud_Herzog Ltd,misc_pos,26.8,Jose,Vasquez,M,572 Davis Mountains,Lake Jackson,TX,77566,29.0393,-95.4401,28739,Futures trader,1999-12-27,709fce7ff6e233189785e23c84b1147f,1370734637,29.731458,-95.16595,0
2019-12-30 21:11:51,30074693890476,fraud_Little Ltd,kids_pets,2.04,Kelsey,Richards,F,889 Sarah Station Suite 624,Holcomb,KS,67851,37.9931,-100.9893,2691,Arboriculturist,1993-08-16,480fc8f697ec0a5612b18a37b5686a44,1356901911,38.609881,-100.256523,0
2020-03-08 19:44:04,4908846471916297,fraud_Waters-Cruickshank,health_fitness,42.84,Lauren,Torres,F,03030 White Lakes,Grandview,TX,76050,32.2779,-97.2351,5875,"Radiographer, therapeutic",1992-07-24,a23adbaf9c77881b76c70925b3645a57,1362771844,32.490412,-97.843085,0
2020-03-23 13:58:35,4725837176265195730,fraud_Watsica LLC,personal_care,57.59,Elizabeth,Mckee,F,358 Pruitt Square,Jay,FL,32565,30.8985,-87.1332,5719,Higher education careers adviser,1994-11-05,2eee868d0ce1a64d81bd72027eca5e87,1364047115,31.311057,-86.696422,0
2020-02-20 08:50:42,4708992452821239,"fraud_Douglas, Schneider and Turner",shopping_pos,7.82,Jared,Walters,M,3326 Hannah Fords,Cord,AR,72524,35.8184,-91.3375,376,"Designer, ceramics/pottery",1938-09-08,807300248a0ba9935c2655417d6f6dfd,1361350242,35.133591,-92.204452,0
2020-04-29 20:24:11,2720012583106919,"fraud_Cronin, Kshlerin and Weber",health_fitness,75.35,Joseph,Murray,M,42933 Ryan Underpass,Manderson,SD,57756,43.3526,-102.5411,1126,Volunteer coordinator,1980-08-18,3fa78dbf3652f2addde3e1e5bb97a093,1367267051,44.162654,-102.641631,0
2020-02-09 17:21:31,36722699017270,"fraud_Streich, Dietrich and Barton",shopping_net,7.33,Jessica,Perez,F,8172 Robertson Parkways Suite 072,Superior,AZ,85173,33.2887,-111.0985,2872,Petroleum engineer,1987-10-28,9f235c7cbf2e455e27af22d26c4de3cc,1360430491,33.312709000000005,-110.555168,0
2020-03-19 11:50:49,630423337322,fraud_Kilback LLC,grocery_pos,105.76,Stephanie,Gill,F,43039 Riley Greens Suite 393,Orient,WA,99160,48.8878,-118.2105,149,Special educational needs teacher,1978-06-21,0319f99257d664eedd9f0c98b9cda736,1363693849,49.16736,-118.32772,0
2020-03-16 13:42:04,372520049757633,"fraud_Boehm, Predovic and Reinger",misc_pos,49.99,Lori,Ramirez,F,4293 Ramirez Squares,Ranier,MN,56668,48.6031,-93.2977,136,Ceramics designer,2000-02-20,58a3d006e175af60d56137575a18f16e,1363441324,48.57272,-93.717053,0
2020-03-03 08:23:59,503848303379,"fraud_Schoen, Kuphal and Nitzsche",grocery_pos,66.64,Gregory,Wallace,M,27203 Darrell Landing,Saint James City,FL,33956,26.529,-82.0916,3776,Sport and exercise psychologist,1976-09-12,0166165e324ac32759a5feb06403e105,1362299039,26.430799,-82.12536899999999,0
2020-04-24 20:26:14,3564839259330465,fraud_Kautzer and Sons,personal_care,34.99,Robert,Ashley,M,1250 Christopher Prairie Suite 016,Port Costa,CA,94569,38.046,-122.1866,198,Armed forces training and education officer,1959-03-31,28a30f5d9ba6b8125d4e280d646d9740,1366835174,38.877602,-122.763884,0
2020-04-19 01:21:44,5501083170975659,fraud_Koepp-Parker,grocery_pos,80.42,Wayne,Payne,M,587 Bradley Inlet Suite 281,Cuyahoga Falls,OH,44223,41.1464,-81.5107,47772,Equities trader,1966-01-04,77bbb92c234fce79f17cad7537d958fb,1366334504,41.474854,-80.536229,0
2020-02-20 21:59:14,4642255475285942,"fraud_Lowe, Dietrich and Erdman",kids_pets,23.06,Sabrina,Johnson,F,320 Nicholson Orchard,Thompson,UT,84540,38.9999,-109.615,46,"Surveyor, minerals",1987-04-23,cad9e5d0302a99b663f84a6ae9adae36,1361397554,38.73398,-109.71039,0
2019-12-30 23:01:55,6011329966782895,fraud_Larkin Ltd,kids_pets,108.77,Lauren,Butler,F,030 Seth Divide Suite 355,Tulsa,OK,74131,36.0557,-96.0602,413574,"Teacher, special educational needs",1971-09-01,8b1002b31f9a30be2c057b9639bc03a8,1356908515,36.328602,-96.517061,0
2020-01-13 21:35:22,341283058448499,fraud_Erdman-Durgan,health_fitness,35.35,Mario,Johns,M,62130 Miller Square Suite 785,Brinson,GA,39825,30.9788,-84.7373,1461,"Engineer, broadcasting (operations)",1935-09-08,d81e3e2f5f8be850c2e08e84c7d6e973,1358112922,30.884317,-84.909388,0
2020-05-05 02:15:19,4318414072191879,fraud_Kuvalis Ltd,gas_transport,9.48,Jerry,Parker,M,8611 Tricia Fork,East China,MI,48054,42.7769,-82.5437,7339,"Copywriter, advertising",1962-01-24,d61b35e05839a81b357e484c66cb1cbe,1367720119,43.486218,-81.985928,1
2019-12-29 21:29:35,3564839259330465,fraud_Little Ltd,kids_pets,2.59,Robert,Ashley,M,1250 Christopher Prairie Suite 016,Port Costa,CA,94569,38.046,-122.1866,198,Armed forces training and education officer,1959-03-31,fa7223da74a3b7cb3aca5e8b2e8489b1,1356816575,38.089704,-122.350098,0
2020-01-01 15:27:29,4873783502705038,"fraud_Schuppe, Nolan and Hoeger",shopping_pos,8.93,Elizabeth,Maxwell,F,194 Goodman Fall Apt. 569,Burlington,WA,98233,48.4786,-122.3345,14871,Public house manager,1974-03-10,901680c41e90eab621d34e3ccd54c110,1357054049,48.126311,-122.084164,0
2020-04-29 14:53:09,4260128500325,"fraud_Okuneva, Schneider and Rau",shopping_pos,229.0,Whitney,Gallagher,F,0374 Courtney Islands Apt. 400,Deane,KY,41812,37.2409,-82.7696,230,"Conservation officer, historic buildings",1997-08-04,76ff0edd666087fd87da33d03b653db1,1367247189,37.431045000000005,-83.679025,0
2020-05-05 12:36:08,213156747557083,fraud_Dickinson Ltd,misc_pos,17.73,Adam,Santos,M,725 Jo Trace Apt. 102,Glendale,CA,91206,34.1556,-118.2322,172817,Advertising account planner,1982-07-30,68b13c809673d32d870cc49d2108f00e,1367757368,35.033251,-118.153394,0
2020-06-02 02:45:21,3519607465576254,fraud_Durgan-Auer,misc_net,12.88,Audrey,Gonzalez,F,34180 Lopez Plaza,Fields Landing,CA,95537,40.7268,-124.2174,276,"Scientist, audiological",1929-05-06,a9c1a9a7be73d0a6d01b17241787f7a3,1370141121,40.831426,-124.508485,0
2020-02-14 16:28:23,6502195877055606,fraud_Botsford and Sons,home,77.15,Nathan,Byrd,M,155 Gregory Mount Suite 791,Red Cliff,CO,81649,39.4584,-106.3851,277,Human resources officer,1985-04-03,3934387251df7c176cd6e01dbe793ab6,1360859303,38.757268,-106.823594,0
2020-05-12 12:44:37,6011109736646996,fraud_Thompson-Gleason,health_fitness,21.96,Rebecca,Erickson,F,594 Berry Lights Apt. 392,Wilmington,NC,28405,34.2651,-77.867,186140,English as a second language teacher,1983-02-08,202e8486b328d710dddd7d51d4337e11,1368362677,34.221722,-77.72366,0
2020-05-31 05:45:01,3599237318576484,"fraud_Haley, Jewess and Bechtelar",shopping_pos,4.09,Jessica,Smith,F,06808 Ryan Valleys,Dubre,KY,42731,36.8421,-85.5396,341,Insurance risk surveyor,1932-11-19,b731306def733f04267968562ce948d1,1369979101,36.000234000000006,-85.893927,0
2020-06-14 09:05:35,3562679455732797,fraud_Reichel Inc,entertainment,4.04,Amanda,Jones,F,7320 Jennifer Forges,Queenstown,MD,21658,39.0026,-76.1424,3862,Maintenance engineer,1962-12-06,19931732fac653290d566cd77f89c442,1371200735,38.206884,-76.702523,0
2020-05-29 19:47:22,3596217206093829,fraud_Goldner-Lemke,entertainment,20.78,Sara,Ramirez,F,23843 Scott Island,Birmingham,IA,52535,40.8626,-91.9534,888,Camera operator,1988-03-25,200d5dbfdbdaf619d2daedf6d2ccc89d,1369856842,40.047738,-91.394614,0
2020-05-13 05:43:49,4599735407877245080,fraud_Durgan-Auer,misc_net,8.23,Mary,Myers,F,39787 Pamela Fall Suite 639,Tiptonville,TN,38079,36.3846,-89.4649,5577,Geochemist,1964-12-30,037994096502e7d11912426999c22d1d,1368423829,35.512105,-89.96802199999999,0
2020-06-09 06:31:22,36078114201167,"fraud_Swaniawski, Lowe and Robel",shopping_pos,34.06,Christopher,Horn,M,956 Sanchez Highway,Mallie,KY,41836,37.2692,-82.9161,798,Facilities manager,1926-06-26,9364cf4383e4cd069290bb300778603e,1370759482,36.495622,-82.490487,0
2020-03-30 12:25:40,4334230547694630,fraud_Stiedemann Ltd,food_dining,83.18,Scott,Martin,M,7483 Navarro Flats,Freedom,WY,83120,43.0172,-111.0292,471,"Education officer, museum",1967-08-02,ea6b1eca12ef8391ba8776173f8f0997,1364646340,43.678637,-111.130871,0
2020-05-23 23:50:20,4969856774088583,"fraud_Haley, Jewess and Bechtelar",shopping_pos,942.36,Jacqueline,Prince,F,27823 Andrew Underpass Suite 948,Metairie,LA,70003,29.9975,-90.2146,137067,Advertising account planner,1951-12-04,64f732856b646254d0cdaa585eb981ac,1369353020,30.740374,-89.92888,1
2020-03-14 20:42:01,4755696071492,fraud_Haley Group,misc_pos,4.67,Robert,Evans,M,01892 Patricia Vista Apt. 828,Sachse,TX,75048,32.9643,-96.6012,20328,Site engineer,1985-06-20,706d07e8458a8acc4d06ce6e79309459,1363293721,33.526138,-96.583224,0
2020-05-19 00:03:43,3521417320836166,fraud_Goodwin-Nitzsche,grocery_pos,207.07,Angela,Hodges,F,08236 Kim Hill,Indianapolis,IN,46254,39.849,-86.272,910148,Firefighter,1975-11-30,89028e7762562cc5827cc3930352fcd5,1368921823,38.938358,-86.088949,0
2020-01-25 02:24:20,6554245334757802,fraud_Huels-Hahn,gas_transport,65.76,Monique,Robinson,F,07712 Marcus Divide Apt. 831,Laguna Hills,CA,92637,33.615,-117.7114,45303,Sales executive,1969-12-22,6f270909b3a90c9c0358241c5bacc57e,1359080660,33.400672,-116.865511,0
2020-06-18 02:44:34,30427035050508,fraud_Cummerata-Hilpert,entertainment,8.87,John,Chandler,M,88325 Brandon Greens Apt. 477,Detroit,MI,48202,42.377,-83.0796,673342,Broadcast presenter,1969-11-20,0595ba3e7edb3992736edf0fab86b146,1371523474,42.39083,-83.903745,0
2020-01-20 02:17:24,6538891242532018,fraud_Kassulke Inc,entertainment,542.43,Jodi,Rodriguez,F,5796 Lee Coves Apt. 286,Walnut Ridge,AR,72476,36.0244,-90.9288,7155,"Engineer, control and instrumentation",1977-03-23,614aa73a016126fbb4fa3f61bf7ecf0f,1358648244,35.698374,-90.522614,1
2020-05-27 18:41:08,2254799658404120,"fraud_Bahringer, Bergnaum and Quitzon",home,29.7,Barbara,Nelson,F,7337 Browning Falls Suite 027,Valdosta,GA,31605,30.946,-83.2474,94325,Educational psychologist,1987-09-08,c85f2f61313e449a3b6f7911ed0b31c9,1369680068,31.579559000000003,-83.655478,0
2020-02-02 20:26:10,6597248210463122,fraud_Wuckert-Goldner,home,50.67,Kyle,Wright,M,610 Samantha Park Suite 149,Whittemore,IA,50598,43.0261,-94.4064,912,Optometrist,1968-05-16,722efce1dd09f0b2ddc9f40ea0a05e33,1359836770,43.161438,-93.933933,0
2020-06-15 23:11:56,4745996322265,"fraud_Goldner, Kovacek and Abbott",grocery_pos,52.3,Carrie,Washington,F,6114 Adams Harbor Suite 096,Kingsford Heights,IN,46346,41.4802,-86.6919,1423,"Psychologist, forensic",1998-10-07,0b6207b583d4ef25e5b8758e8ffdfcde,1371337916,41.883164,-86.110325,0
2020-01-03 18:12:30,3567879740649740,fraud_Little-Gleichner,travel,3.6,Tanya,Williams,F,566 Megan Well,Brownville,NY,13615,44.0577,-76.0196,1271,"Producer, radio",1958-08-14,8e6715520c521346fe03ed7a54b2c332,1357236750,44.618391,-75.543068,0
2020-04-22 19:11:06,4810839835482794272,"fraud_Altenwerth, Cartwright and Koss",shopping_net,1.97,Carolyn,Perez,F,433 Blake Roads Suite 967,Wheaton,MO,64874,36.7651,-94.0492,760,Production manager,1985-08-31,93c2fe0727c25e17512af35f27a32f89,1366657866,36.349685,-94.483712,0
2020-05-25 05:15:07,3583793405872580,fraud_Barton Inc,grocery_pos,121.79,Beth,Lambert,F,6447 Johnson Estates Apt. 986,Roosevelt,OK,73564,34.847,-98.9836,551,Amenity horticulturist,1970-09-27,e55730d99448f97556c9efb2fa2d26e9,1369458907,34.797464,-98.956371,0
2020-04-11 07:35:52,4988304376504,fraud_Friesen-D'Amore,gas_transport,84.4,William,Thompson,M,977 Rita Grove Apt. 000,Rock Tavern,NY,12575,41.4575,-74.1659,2258,Building surveyor,1937-03-17,3b27c743921c73c7563ed78f6e16fd0b,1365665752,42.060093,-73.27680699999999,0
2020-01-26 16:34:47,4586260469584,fraud_Gerhold LLC,home,11.97,Melody,Thompson,F,0362 Anderson Wall,Mound City,MO,64470,40.1362,-95.2138,1631,Architect,1953-01-20,9ae0f3084c5622ecad9d9d71283e71b7,1359218087,40.848862,-95.678996,0
2020-01-28 09:38:53,371226440126102,fraud_Kris-Weimann,misc_net,195.26,Stacy,Lambert,F,85430 Julie Trafficway Suite 792,Mulberry Grove,IL,62262,38.9311,-89.2463,1810,Race relations officer,1974-12-24,14cbe6a722382d9d2aec05af40c63a2c,1359365933,38.670118,-88.54141899999999,0
2020-01-20 09:16:32,2242542703101233,fraud_Cassin-Harvey,grocery_net,16.19,Samuel,Jenkins,M,43235 Mckenzie Views Apt. 837,Westport,KY,40077,38.4921,-85.4524,564,Pensions consultant,1996-04-10,773a1fcb9ca802c3ef6023910c35ad22,1358673392,39.071086,-85.858809,0
2020-02-07 16:50:32,4653879239169997,fraud_Carroll PLC,health_fitness,46.83,Monica,Tucker,F,302 Christina Islands,Smiths Grove,KY,42171,37.0581,-86.1938,6841,"Therapist, sports",1999-06-06,1761cde535faea9af55be1522f7674e9,1360255832,36.940589,-86.244087,0
2020-06-17 23:09:54,3527536963490470,"fraud_Hills, Hegmann and Schaefer",health_fitness,20.04,Teresa,Stein,F,2838 White Fields Apt. 473,Brunson,SC,29911,32.9413,-81.1807,1725,Social researcher,1974-12-05,ba75927dbf81b7ef1e8838a996ba4b97,1371510594,33.259446000000004,-80.87817199999999,1
2020-01-21 15:48:49,2291163933867244,"fraud_Hintz, Bauch and Smith",health_fitness,22.82,Jeff,Elliott,M,351 Darlene Green,Columbia,SC,29209,33.9659,-80.9355,333497,Mechanical engineer,1968-03-19,94d7200883b2fc562788b20abd8e9d30,1358783329,33.619386,-81.28451899999999,0
2020-01-06 15:56:46,503874407318,fraud_Will Ltd,food_dining,38.24,Andrew,Mcgee,M,4130 Tiffany Glen Apt. 562,San Antonio,TX,78248,29.5894,-98.5201,1595797,Exhibition designer,1975-12-28,9b6f279a56a1ba0cf0c2c9d12408513c,1357487806,29.466241,-97.709923,0
2020-06-02 19:56:57,4906628655840914250,"fraud_Windler, Goodwin and Kovacek",home,25.09,Charles,Moreno,M,838 Franklin Prairie Apt. 902,Key West,FL,33040,24.6557,-81.3824,32891,Town planner,1987-02-13,a05a2f14446870ca2042036e7620b989,1370203017,25.447374,-80.777625,0
2020-01-22 18:14:16,36722699017270,fraud_Crooks and Sons,personal_care,24.09,Jessica,Perez,F,8172 Robertson Parkways Suite 072,Superior,AZ,85173,33.2887,-111.0985,2872,Petroleum engineer,1987-10-28,f1f92d7de8b76c4ec35ce95065f45ad5,1358878456,32.370675,-111.371275,0
2020-04-07 23:26:57,4092452671396169678,"fraud_Hahn, Bahringer and McLaughlin",personal_care,53.98,Jeffrey,Vargas,M,478 Alexandria Mount,Bolton,NC,28423,34.3091,-78.3372,2290,"Engineer, biomedical",1945-12-07,a1811b7005374aa6e4231d410bb79d5d,1365377217,35.043302000000004,-77.63451500000001,0
2020-05-31 22:47:53,3551217896304745,fraud_Sporer-Keebler,personal_care,26.28,Sara,Harris,F,597 Jenny Ford Apt. 543,Tupper Lake,NY,12986,44.232,-74.4905,6120,Chartered loss adjuster,1976-10-09,cc02e37f9831f5266176631290b9aed6,1370040473,43.946462,-74.838808,0
2020-03-22 17:10:38,4599735407877245080,fraud_Daugherty LLC,kids_pets,76.51,Mary,Myers,F,39787 Pamela Fall Suite 639,Tiptonville,TN,38079,36.3846,-89.4649,5577,Geochemist,1964-12-30,a0d2c7e6b833c29388324c78d19ed2e3,1363972238,37.072087,-90.390419,0
2020-06-14 22:40:29,2256234701263057,fraud_Beier and Sons,home,23.97,Christopher,Grimes,M,39631 Dunn Radial,Grantham,NH,3753,43.5103,-72.1334,2971,Charity fundraiser,1948-04-11,878166d65350ce145af6cbd3e62c6330,1371249629,42.785637,-72.11409599999999,0
2020-05-24 11:04:43,2285066385084291,"fraud_Kerluke, Kertzmann and Wiza",misc_net,9.95,Richard,Brown,M,17819 Jose Mount Suite 657,Heidelberg,MS,39439,31.882,-88.9981,4573,"Exhibitions officer, museum/gallery",1988-02-15,e5fa4495ce4e4a73e8066c14b22f1667,1369393483,32.521781,-88.186785,0
2020-03-24 01:44:32,4939976756738216,fraud_Bradtke PLC,grocery_pos,207.18,Michelle,Johnston,F,3531 Hamilton Highway,Roma,TX,78584,26.4215,-99.0025,18128,IT trainer,1990-11-07,2e395258040b10d0eb5f65f41c257561,1364089472,26.487797,-98.144891,0
2020-04-07 23:05:10,4501449508569485,"fraud_Hermiston, Russel and Price",food_dining,65.41,Paul,Wade,M,2306 Clark Ranch Suite 515,Ferney,SD,57439,45.32899999999999,-98.0837,52,Bookseller,1990-05-22,88241cc4fa25264e38a813d478365910,1365375910,44.333021,-98.620891,0
2019-12-28 20:21:45,571365235126,fraud_Hyatt-Blick,travel,6.18,Barbara,Taylor,F,0069 Robin Brooks Apt. 695,Elberta,MI,49628,44.5995,-86.2141,372,"Exhibitions officer, museum/gallery",1995-07-12,2bc011ce3b109d583d0db7f6f7ea55d8,1356726105,45.238324,-86.394761,0
2020-02-13 15:42:55,6011399591920186,fraud_Reilly and Sons,health_fitness,9.68,Maria,Roy,F,58665 Nicholas Ford Suite 348,Sheffield,MA,1257,42.1001,-73.3611,2121,Radio producer,1973-10-14,0c663b44a84ecc9ec8a3f6b6211d7334,1360770175,41.653623,-73.445369,0
2020-06-07 10:33:40,561942763351,"fraud_Schumm, Bauch and Ondricka",grocery_pos,195.67,Melissa,Brown,F,330 Montoya Ramp,Washington,DC,20036,38.9087,-77.0414,601723,Prison officer,1986-03-14,0585ebb5fecd36ba1ea22361febc57aa,1370601220,38.507354,-77.21408000000001,0
2020-04-20 17:26:39,4681601008538160,"fraud_Daugherty, Pouros and Beahan",shopping_pos,161.47,Tammy,Davis,F,77663 Colleen Freeway,Moundsville,WV,26041,39.9148,-80.73100000000001,16183,Physiotherapist,1977-08-12,54a1344cc37a90d9467877c243cd6ff6,1366478799,39.221578,-81.216178,0
2020-04-19 18:13:31,30044330818990,fraud_Langworth LLC,personal_care,4.91,Allison,Ayala,F,87665 Karen Mill Apt. 586,Fort Myers,FL,33967,26.4722,-81.8122,224256,Paramedic,1985-08-29,2f0800b043186b13e52014c8d7b62cf1,1366395211,26.267249,-82.58373900000001,0
2019-12-28 18:23:47,3590736522064285,"fraud_Conroy, Balistreri and Gorczany",health_fitness,235.43,Kimberly,Gonzalez,F,72966 Shannon Pass Apt. 391,Bauxite,AR,72011,34.5091,-92.4828,4074,"Scientist, audiological",1975-12-20,0f191afee1193fdcdedae2bc08e2c6ba,1356719027,34.242919,-93.013667,0
2020-05-10 05:21:31,4462038234743679432,fraud_Kerluke Inc,misc_net,3.73,Kimberly,Bush,F,6027 Scott Meadows Suite 494,Dell City,TX,79837,31.924,-105.2099,579,Hydrogeologist,1945-11-26,a24961496deee3448ddf4e5e2c4d7b0e,1368163291,31.956981,-104.325346,0
2020-04-04 06:48:22,2269768987945882,fraud_Bernhard Inc,gas_transport,53.93,Shannon,Patterson,F,9808 Ellis Bypass,Mount Morris,NY,14510,42.6835,-77.8664,4895,Acupuncturist,1958-10-29,05c547d84993ab9304f951c1a8a8c931,1365058102,43.158131,-77.716412,0
2020-06-16 15:34:11,36721445180895,fraud_Runte-Mohr,food_dining,29.82,Cesar,Smith,M,901 Ariel Points,Jefferson,NY,12093,42.4999,-74.6117,1666,Diagnostic radiographer,1968-07-01,e14b33711f8ebed18309a268650d19e3,1371396851,42.305834,-75.251862,0
2020-02-17 19:06:00,180011453250192,fraud_Klein Group,entertainment,89.86,Craig,Dunn,M,721 Jacqueline Brooks,New Boston,IL,61272,41.2153,-90.9879,1504,Manufacturing engineer,1993-10-05,96e832ce00ad2c6f0b27d12ba59652f7,1361127960,41.043958,-90.001013,0
2020-03-23 23:12:29,5104807169438134,fraud_Pfeffer and Sons,shopping_pos,3.78,Regina,Johnston,F,641 Steven Mall Apt. 299,Westhampton Beach,NY,11978,40.8295,-72.6473,3255,Financial trader,1978-07-08,2c83ba45c28d9af4e964f5e78e3177ce,1364080349,40.535484,-72.129419,0
2020-05-07 22:11:35,3559723917628303,fraud_Stamm-Witting,shopping_net,960.73,Matthew,Huerta,M,622 Williams Trafficway,Ringwood,IL,60072,42.4048,-88.3054,928,Outdoor activities/education manager,1985-05-13,ab73f78bf5d6bb42df3e5b24bf872dfa,1367964695,42.270937,-88.869403,1
2020-04-21 18:08:27,3598215285024754,fraud_Hills-Witting,shopping_net,9.35,Ashley,Lopez,F,9333 Valentine Point,Bellmore,NY,11710,40.6729,-73.5365,34496,"Librarian, public",1970-10-21,6d9796b90a57bc6e33d3d597e9d69bec,1366567707,41.552849,-73.111568,0
2020-05-29 13:07:50,180094419304907,fraud_Little Ltd,kids_pets,89.59,Sharon,Smith,F,17666 David Valleys,Sun City,CA,92585,33.7467,-117.1721,54287,"Designer, exhibition/display",1972-09-22,88c4772c757915a56047a045e98e14ec,1369832870,34.125091,-116.993232,0
2020-06-16 08:05:18,4671727014157745,fraud_Kuhic LLC,shopping_net,4.37,Kenneth,Edwards,M,3653 Ryan Crossroad,Andrews,IN,46702,40.8618,-85.6067,2304,Retail banker,1955-07-25,8413bd793a7b0a7179124680d2082f2a,1371369918,40.930646,-86.294461,0
2020-01-15 14:34:43,4555104582813474,fraud_Parker-Kunde,personal_care,76.39,Chris,Daniel,M,025 White Fork Apt. 633,Rock Glen,PA,18246,40.954,-76.1747,143,Health and safety adviser,1982-02-19,b58a5cad68e7c9edc373e707463ccdda,1358260483,41.532108,-75.248935,0
2020-02-13 05:50:48,3547574373318979,"fraud_Streich, Dietrich and Barton",shopping_net,146.21,Jacob,Patel,M,54822 Hill Forks,Dieterich,IL,62424,39.0319,-88.4074,2092,"Psychologist, clinical",1962-04-30,23128ab070e0604cc658a97ff9d5fcfb,1360734648,38.905944,-87.956751,0
2020-03-23 19:51:05,30561214688470,fraud_Hyatt-Blick,travel,1.09,Gina,Morrison,F,41851 Victor Drives Suite 219,Allentown,PA,18103,40.5891,-75.4645,166081,"Scientist, research (maths)",1998-10-01,c2061fdd2d68c39bc5d601ac95d7d62f,1364068265,40.263187,-75.741108,0
2020-01-04 13:22:23,4642255475285942,fraud_Medhurst Inc,home,8.44,Sabrina,Johnson,F,320 Nicholson Orchard,Thompson,UT,84540,38.9999,-109.615,46,"Surveyor, minerals",1987-04-23,ed82c2dc121b5499d26852eca6fe206b,1357305743,39.959121,-109.074276,0
2019-12-31 15:43:28,4792627764422477317,"fraud_Roob, Conn and Tremblay",shopping_pos,6.75,Margaret,Mendez,F,7952 Karen Pike,De Soto,KS,66018,38.9462,-94.9714,5760,Chief Executive Officer,1978-10-01,19d7bd2148b8f40a1e1301768d76fe81,1356968608,39.595449,-94.095081,0
2020-04-25 16:27:32,4003989662068504,fraud_Windler LLC,kids_pets,35.65,Chris,White,M,98897 Bennett Lodge,Bessemer,AL,35022,33.3224,-86.9657,71463,Radio broadcast assistant,1989-02-08,55c26e4fa91a2e016219de6af2d3733e,1366907252,34.12315,-87.873336,0
2020-02-24 19:49:18,30442439074871,fraud_Schroeder Group,health_fitness,4.46,Linda,Sanchez,F,6574 William Hill Apt. 375,Jermyn,PA,18433,41.5744,-75.5881,6508,Training and development officer,1981-06-22,b96636686c738b69244adb5d356e6f09,1361735358,41.33751,-75.79010500000001,0
2020-02-14 06:46:02,213114122496591,fraud_Kris-Padberg,shopping_pos,888.43,Jeremy,Perry,M,797 Jennifer Loop Suite 634,Minnesota Lake,MN,56068,43.8295,-93.8282,1087,Music tutor,1963-07-14,74bf81fed4f2fde1ff2aa322d03b28d1,1360824362,44.486285,-94.344113,0
2020-05-19 20:56:12,36078114201167,fraud_Douglas-White,entertainment,100.58,Christopher,Horn,M,956 Sanchez Highway,Mallie,KY,41836,37.2692,-82.9161,798,Facilities manager,1926-06-26,b7e281b7d5fb4976f7eafa3a55c82eb1,1368996972,37.771338,-83.295283,0
2020-04-09 23:02:41,30143713661454,fraud_Schoen Ltd,kids_pets,32.86,Nicholas,Thornton,M,5270 Megan Burg Suite 756,Halma,MN,56729,48.6669,-96.5969,140,"Embryologist, clinical",1942-01-06,0e8f3c053e19e3bd88f4b6b2c12dd512,1365548561,48.649661,-96.265113,0
2020-05-28 22:01:32,4344955088481397,fraud_Koepp-Parker,grocery_pos,300.7,Christopher,Rodgers,M,30587 Fox Shores Apt. 627,Fenelton,PA,16034,40.8555,-79.7372,2054,Communications engineer,1976-09-29,1a1af4a0e5b4320c1a5deb6d6d1095e6,1369778492,40.027014,-80.115888,1
2020-05-15 11:52:15,4423489490781412,fraud_Kuvalis Ltd,gas_transport,51.24,Christopher,Ortega,M,5045 Emily Wall,Princeton,IA,52768,41.6858,-90.3706,1426,Agricultural consultant,1957-03-06,246164a4a874801afd31100642da5d6e,1368618735,40.71601,-91.342317,0
2020-03-09 18:41:08,375237305371366,fraud_Watsica LLC,personal_care,15.93,David,Erickson,M,616 Jimenez Meadow Apt. 701,East Rochester,NY,14445,43.1128,-77.4906,8019,Retail buyer,1928-06-26,3658a6e832739c3500c5a68513fe1998,1362854468,44.069875,-77.330138,0
2020-04-28 02:11:41,4223708906367574214,fraud_Predovic Inc,shopping_net,84.79,Adam,Riddle,M,27718 Mason Bypass,Mount Saint Joseph,OH,45051,39.0965,-84.6431,177,Exhibition designer,1974-05-30,bb7f6cceb85935089dc49b042970ddd6,1367115101,38.541140000000006,-84.441622,0
2020-05-06 23:31:32,3559723917628303,fraud_Lynch-Wisozk,home,250.77,Matthew,Huerta,M,622 Williams Trafficway,Ringwood,IL,60072,42.4048,-88.3054,928,Outdoor activities/education manager,1985-05-13,9cac066e4cc9d9a47af9393c6980571b,1367883092,42.94698,-88.583143,1
2020-04-05 02:13:47,676148621961,"fraud_Schuppe, Nolan and Hoeger",shopping_pos,2.83,Jennifer,Vega,F,91644 Crystal Drives,Eagarville,IL,62023,39.1118,-89.7855,91,Materials engineer,1962-11-18,2e33bfbec4d0184049ec04150d0a878a,1365128027,38.479137,-89.258669,0
2020-01-06 13:31:24,3512365128314616,"fraud_Hauck, Dietrich and Funk",kids_pets,30.08,Francisco,Kemp,M,9554 Flores Drive,Arnold,MO,63010,38.4305,-90.387,35439,Land/geomatics surveyor,1985-03-31,ab35ed7ba93dc2cb31dd726bda2fc816,1357479084,38.634888,-90.216673,0
2020-02-24 12:14:31,6011252220172077,"fraud_Langworth, Boehm and Gulgowski",shopping_net,46.69,Melvin,Wright,M,210 Dean Causeway Suite 130,Alton,IA,51003,42.9782,-96.0173,1700,"Engineer, land",2001-12-19,a367217b6c0c1613350a6fb2301571bc,1361708071,42.696283,-95.764824,0
2020-05-22 15:22:40,2475085306462014,fraud_O'Keefe-Wisoky,food_dining,59.84,John,Miller,M,153 Mccullough Springs Apt. 857,Lamberton,MN,56152,44.2378,-95.2739,1507,Land/geomatics surveyor,1993-10-12,c9c26fa9f1c6c7016560b327dcbe439c,1369236160,44.832018,-95.509087,0
2020-04-23 17:57:10,213186334552049,fraud_Gerlach Inc,shopping_net,4.09,Andrea,Perkins,F,37426 Olson Villages,Irvine,PA,16329,41.8117,-79.2643,528,Chief Marketing Officer,1972-09-13,0df0ccb115250b9e3a18452fb7195f9e,1366739830,41.215709,-79.995701,0
2020-05-14 01:31:43,4119762878330989,"fraud_Huel, Hammes and Witting",grocery_pos,98.4,Melinda,Gutierrez,F,1497 West Gateway,Eureka,IL,61530,40.7152,-89.2706,6713,Archivist,1945-08-19,d6f917cf294673bd44be7ef2eee09f3e,1368495103,40.186004,-88.938452,0
2020-02-24 11:03:53,3521417320836166,fraud_Hintz-Bruen,grocery_net,33.91,Angela,Hodges,F,08236 Kim Hill,Indianapolis,IN,46254,39.849,-86.272,910148,Firefighter,1975-11-30,96970fcaf08b5b7148ab73e1275f0a60,1361703833,40.088541,-86.88530300000001,0
2020-06-21 09:40:13,30143713661454,fraud_Price Inc,shopping_net,3.88,Nicholas,Thornton,M,5270 Megan Burg Suite 756,Halma,MN,56729,48.6669,-96.5969,140,"Embryologist, clinical",1942-01-06,1ffac931b52dbec8793fb5ece78b4cd5,1371807613,48.020953000000006,-95.916393,0
2020-02-22 01:54:14,4025612008285111,fraud_Lesch Ltd,shopping_pos,5.28,Krystal,Key,F,23142 Montoya Island Apt. 742,Corsica,PA,15829,41.1762,-79.1976,1274,Maintenance engineer,1949-03-20,4dbcee2ea252599b59b412af04d00768,1361498054,40.618188,-79.370699,0
2020-02-25 22:42:02,4839043708100390,"fraud_Rohan, White and Aufderhar",misc_net,748.18,Meredith,Campbell,F,043 Hanson Turnpike,Hedrick,IA,52563,41.1826,-92.3097,1583,Geochemist,1999-06-28,9882d49ccf5fd45969225af7af4183ed,1361832122,40.908253,-93.257935,1
2020-02-16 23:23:12,4476840372112,"fraud_Crist, Jakubowski and Littel",home,55.08,Steven,Walters,M,3206 Hall Divide Suite 282,Woodville,AL,35776,34.6689,-86.2296,3395,"Editor, commissioning",1979-01-21,8f272e65488efa32acb6f8c131d86fec,1361056992,34.174502000000004,-85.702342,0
2020-03-12 13:21:19,4777065439639721,fraud_Kutch-Ferry,home,69.04,Peter,Caldwell,M,08966 Beltran Route Suite 905,Oaks,PA,19456,40.1334,-75.4536,737,Oceanographer,1987-04-24,68dd137419959580976953644275d876,1363094479,40.740949,-74.837188,0
2020-01-05 18:06:52,3534330126107879,fraud_Pollich LLC,home,70.18,Jeffrey,Smith,M,713 Scott Pike Apt. 712,Bridger,MT,59014,45.2857,-108.9082,1446,Chartered loss adjuster,1978-01-15,c584a4a1325fa814fc5af54706624a23,1357409212,46.098256,-108.506631,0
2020-04-11 21:43:55,4683520018489354,fraud_Haley Group,misc_pos,151.51,Charles,Carrillo,M,17547 Stephen Turnpike Apt. 846,Hawthorne,CA,90250,33.9143,-118.3493,93193,"Editor, magazine features",1995-04-19,38d39bd580c45eb6c6cac1b0c0072972,1365716635,33.736031,-117.828059,0
2020-03-31 04:59:40,4640395708703,"fraud_Reilly, Heaney and Cole",gas_transport,55.54,Melissa,Krause,F,67632 Martin Gateway,Fordoche,LA,70732,30.6576,-91.6264,1178,Community education officer,1951-06-13,89f01aa544bb5d0d380449552d3823ce,1364705980,31.39981,-91.476328,0
2020-05-13 14:40:52,213157767990030,"fraud_Koss, Hansen and Lueilwitz",home,27.25,Tara,Campbell,F,05050 Rogers Well Apt. 439,Rock Springs,WY,82901,41.606,-109.23,27971,Music therapist,1984-08-01,a973f62242ae540fad4fb19321b59e8c,1368456052,41.867198,-108.311638,0
2020-05-12 00:43:02,30596478689301,"fraud_Kerluke, Considine and Macejkovic",misc_net,44.92,Daniel,Graham,M,28223 Ward Summit Apt. 664,Arvada,CO,80005,39.8422,-105.1097,122111,Hotel manager,1987-05-23,bfdbaeef71b7f35e389fec465f26aba9,1368319382,39.324775,-104.43587,0
2020-04-04 21:05:02,5388659976630693,fraud_Shields-Wunsch,health_fitness,129.95,Charles,Preston,M,5364 William Harbor,Seneca,WI,54654,43.2064,-90.9405,153,Quantity surveyor,1962-02-14,99d595f4bbf6af11a88736495ab68a80,1365109502,42.636182,-90.229046,0
2020-01-11 06:41:15,4355790796238264643,fraud_Kutch LLC,gas_transport,49.55,Tanner,Davis,M,2632 Stevens Light Apt. 213,Payson,IL,62360,39.8153,-91.2627,1656,Exhibition designer,1969-08-04,0db26a65126370e81bf41ba0ce7f46b5,1357886475,40.756485,-90.660914,0
2020-02-24 19:00:31,3568255211412877,"fraud_Kling, Howe and Schneider",home,12.13,Timothy,Gomez,M,707 Anthony Causeway,Leo,IN,46765,41.2249,-85.0301,5341,Biomedical engineer,1994-11-24,cd3e4537f58050b0fab8dfd27f7dc662,1361732431,40.713755,-85.637823,0
2020-02-26 00:36:13,3568736585751727,fraud_Mayert Group,shopping_pos,121.54,Thomas,Cross,M,7566 Thompson Creek Apt. 827,Elkhart,IA,50073,41.8114,-93.4855,1195,Trading standards officer,1974-03-13,e37591a7756db0a4f419fc3d158845ea,1361838973,41.71536,-94.406635,0
2020-04-08 10:47:10,379897244598068,fraud_Lebsack and Sons,misc_net,13.56,Frank,Key,M,5537 Jessica Plaza,Pewee Valley,KY,40056,38.3039,-85.4834,3263,Stage manager,1930-02-28,485c4b82e871ad8f66a4345ff926cfe3,1365418030,38.588172,-84.895875,0
2020-01-24 16:17:43,4155021259183870,"fraud_Feil, Hilpert and Koss",food_dining,23.38,Renee,Parrish,F,174 Jennifer Meadow Apt. 467,Mountain Park,OK,73559,34.7032,-98.9591,540,Research scientist (life sciences),1983-10-12,6cf2e95993f70a4ffa0ba96e5c4d5603,1359044263,34.108755,-99.321341,0
2020-01-28 08:09:05,30290551782700,"fraud_Rowe, Batz and Goodwin",grocery_pos,107.54,John,Clarke,M,27909 Peter Motorway,Cadiz,KY,42211,36.802,-87.8286,13422,Commissioning editor,1961-09-03,615588b18fa5a71e7171ed0dc4b5e7c8,1359360545,37.692921000000005,-87.169754,0
2020-01-03 11:08:19,180069253480336,fraud_Harris Inc,gas_transport,45.2,William,Hunter,M,5036 Victoria Ports Suite 249,Emporium,PA,15834,41.5177,-78.2536,4533,Public affairs consultant,1969-11-01,3a3b9a0021cfe884372ed8801228ff2d,1357211299,40.695522,-78.789959,0
2019-12-28 20:23:48,213180742685905,fraud_Schroeder Group,health_fitness,14.17,Kayla,Sutton,F,010 Weaver Land,Carlotta,CA,95528,40.507,-123.9743,1139,"Therapist, occupational",1951-01-15,947259089f522525075ba5fde4896f16,1356726228,40.644434,-124.963763,0
2020-01-26 21:32:01,3504178999463051,fraud_Haag-Blanda,food_dining,3.22,Drew,Garcia,M,70858 Jasmine Meadows Apt. 135,Lima,OH,45801,40.7641,-84.0973,86954,"Copywriter, advertising",1992-07-23,394ca762e93d79f732809a00697efbd3,1359235921,40.778261,-83.28849699999999,0
2020-04-26 16:48:58,4610064888664703,"fraud_Wintheiser, Dietrich and Schimmel",misc_pos,125.29,Tammy,Maldonado,F,3312 Rachel Parks Suite 474,Stittville,NY,13469,43.2229,-75.2899,847,Systems analyst,1996-01-11,0d43b1026983696cb930a4a96a4aa5d8,1366994938,43.252155,-74.645359,0
2020-04-27 15:27:44,4904681492230012,fraud_Lind-Buckridge,entertainment,14.42,Lisa,Lowe,F,574 David Locks Suite 207,Cottekill,NY,12419,41.8467,-74.1038,722,Comptroller,1990-10-19,7469e49e1770f58f9d39ac2f5ef2d8c2,1367076464,41.391717,-74.248743,0
2020-03-01 19:47:02,5152054598359927,fraud_Schulist Ltd,food_dining,12.54,Jim,Johnson,M,868 Brady Mill Apt. 837,Gretna,LA,70056,29.8872,-90.0331,55581,Biomedical scientist,1972-09-12,0c617d55ceb5543c1b6282eff3820dbb,1362167222,29.214244,-89.897121,0
2020-03-24 10:55:41,4474324669797121,fraud_Wuckert-Walter,grocery_net,42.75,Matthew,Russell,M,168 Michael Coves Suite 343,June Lake,CA,93529,37.7773,-119.0825,633,Health service manager,1927-09-09,691da1963392fcbf6239458984c6ab68,1364122541,37.143891,-119.572996,0
2020-04-24 14:51:41,5359543825610251,"fraud_Kutch, Steuber and Gerhold",food_dining,17.5,Michael,Francis,M,1833 Jeanette Stravenue,Belgrade,MT,59714,45.7801,-111.1439,18182,"Engineer, drilling",1975-06-29,c078f4131ccbb95382cfe4380799d7f4,1366815101,45.393235,-110.255203,0
2020-02-16 05:53:09,3551217896304745,fraud_Kemmer-Reinger,grocery_net,39.16,Sara,Harris,F,597 Jenny Ford Apt. 543,Tupper Lake,NY,12986,44.232,-74.4905,6120,Chartered loss adjuster,1976-10-09,2309fbfc58020af19830e204092ea2f3,1360993989,43.359725,-74.847149,0
2020-03-22 17:44:09,372509258176510,"fraud_Lang, Towne and Schuppe",kids_pets,21.42,Kristen,Hanson,F,26544 Andrea Glen,Goodrich,MI,48438,42.9147,-83.4845,6951,Learning disability nurse,1985-06-18,a77a4f91c598130df820655c36e8558f,1363974249,42.766008,-83.339466,0
2020-03-04 19:25:04,36722699017270,"fraud_Roob, Conn and Tremblay",shopping_pos,4.11,Jessica,Perez,F,8172 Robertson Parkways Suite 072,Superior,AZ,85173,33.2887,-111.0985,2872,Petroleum engineer,1987-10-28,5ea5bccdf993bf76f084410f4cace38b,1362425104,33.803993,-111.227096,0
2020-02-09 11:23:59,180094419304907,"fraud_Harris, Gusikowski and Heaney",grocery_net,65.45,Sharon,Smith,F,17666 David Valleys,Sun City,CA,92585,33.7467,-117.1721,54287,"Designer, exhibition/display",1972-09-22,846a3a18150f2cb73b7107a5f15adaf4,1360409039,34.66124,-117.358496,0
2020-06-17 18:17:38,30407675418785,"fraud_Hauck, Dietrich and Funk",kids_pets,30.94,Danielle,Evans,F,76752 David Lodge Apt. 064,Breesport,NY,14816,42.1939,-76.7361,520,Psychotherapist,1991-10-13,3c16348cf1e1a586a90668a5ba3b8a40,1371493058,41.782465,-77.26580899999999,0
2020-06-16 09:52:50,4933461930348832,fraud_Bernhard Inc,gas_transport,101.66,Richard,Carter,M,5097 Martin Ridges,Minneapolis,MN,55403,44.9673,-93.2828,1022298,Chemical engineer,1976-09-29,d90863e619e9d82c4ca82c630d6ead5f,1371376370,44.05247,-92.541347,0
2020-06-02 04:09:02,502049568400,fraud_Mohr Inc,shopping_pos,69.23,Daniel,Melton,M,6157 Nichols Mews,Marion,CT,6444,41.7918,-72.7188,370,Health service manager,1962-02-13,b64d3d74ed62dee9763d0e319671db04,1370146142,41.043532,-72.805819,0
2020-04-01 21:30:25,3577578023716568,fraud_Quitzon-Goyette,home,18.04,Debbie,Hughes,F,0182 Owens Burgs Suite 480,Diamond,OH,44412,41.0935,-81.0425,2644,"Engineer, biomedical",1983-08-25,ce4987d54e1ce212788447dff03c4410,1364851825,40.825086,-80.915444,0
2020-05-04 15:25:31,2231186809828225,fraud_Streich Ltd,home,83.96,Katherine,Pennington,F,73869 Connie Prairie,Vienna,GA,31092,32.0913,-83.7922,7420,Phytotherapist,1957-01-15,8d746a228e16d8f25934084b2a383a14,1367681131,32.712022,-82.88600699999999,0
2019-12-30 20:40:57,4089096483689733451,"fraud_Hoppe, Harris and Bednar",entertainment,77.42,Debra,Stark,F,686 Linda Rest,Kilgore,TX,75662,32.3836,-94.8653,24536,Multimedia programmer,1983-10-14,d8e475b4551ca1cecd16eb3e8409ea97,1356900057,33.30828,-94.722616,0
2020-04-27 20:33:31,4607072969078276,fraud_Dietrich-Fadel,health_fitness,67.46,Brenda,Perez,F,033 Tara Brook Suite 523,Coyle,OK,73027,35.8985,-97.2607,1493,Amenity horticulturist,1985-03-21,d0b10f83399341ff8ad4141fc4d30f61,1367094811,35.057265,-96.545687,0
2020-05-19 05:58:36,4836998673805450,fraud_Durgan-Auer,misc_net,186.61,Susan,Hardy,F,516 Brown Parks,Manistique,MI,49854,46.0062,-86.2555,6469,Trade mark attorney,1979-04-12,fdb0e9419c0ceab611fe4fed20933fd0,1368943116,45.497556,-86.114602,0
2020-02-19 11:59:50,6011109736646996,"fraud_Schumm, Bauch and Ondricka",grocery_pos,195.48,Rebecca,Erickson,F,594 Berry Lights Apt. 392,Wilmington,NC,28405,34.2651,-77.867,186140,English as a second language teacher,1983-02-08,3ef967f4f2298ce5132c946abe932f20,1361275190,35.213516,-76.925885,0
2020-05-26 14:22:47,347073228412010,fraud_Hilpert-Conroy,kids_pets,44.53,Ryan,Johnson,M,40178 Lisa Mission,Alva,WY,82711,44.6873,-104.4414,110,"Administrator, local government",1973-05-16,64a7c8d9a256e845ae242267cc255fc3,1369578167,45.348423,-103.589523,0
